,date,0_4,5_11,12_18,19_49,50_64,65+,65_diff,50_64_diff,19_49_diff,12_18_diff,5_11_diff
0,02/07/2022,0,15702692.0,33867902.0,253397559.3535979,126056688.56302811,135872623.0,0.0,0.0,0.0,0.0,0.0
1,02/08/2022,0,15795434.705882354,33934787.35294118,253767168.02097476,126240556.33504838,136250075.25490198,377452.2549019754,183867.77202026546,369608.6673768461,66885.35294117779,92742.70588235371
2,02/09/2022,0,15888177.411764706,34001672.705882356,254136776.6883516,126424424.10706864,136627527.50980392,377452.2549019456,183867.77202026546,369608.6673768461,66885.35294117779,92742.70588235185
3,02/10/2022,0,15980920.11764706,34068558.058823526,254506385.35572845,126608291.8790889,137004979.7647059,377452.2549019754,183867.77202025056,369608.6673768461,66885.35294117033,92742.70588235371
4,02/11/2022,0,16073662.823529411,34135443.4117647,254875994.02310526,126792159.65110916,137382432.01960784,377452.2549019456,183867.77202026546,369608.6673768163,66885.35294117779,92742.70588235185
5,02/12/2022,0,16166405.529411765,34202328.76470588,255245602.6904821,126976027.42312942,137759884.27450982,377452.2549019754,183867.77202026546,369608.6673768461,66885.35294117779,92742.70588235371
6,02/13/2022,0,16259148.235294119,34269214.11764706,255615211.35785896,127159895.19514969,138137336.52941176,377452.2549019456,183867.77202026546,369608.6673768461,66885.35294117779,92742.70588235371
7,02/14/2022,0,16351890.94117647,34336099.47058824,255984820.0252358,127343762.96716996,138514788.78431374,377452.2549019754,183867.77202026546,369608.6673768461,66885.35294117779,92742.70588235185
8,02/15/2022,0,16444633.647058824,34402984.823529415,256354428.69261265,127527630.7391902,138892241.03921568,377452.2549019456,183867.77202025056,369608.6673768461,66885.35294117779,92742.70588235371
9,02/16/2022,0,16537376.352941176,34469870.176470585,256724037.3599895,127711498.51121047,139269693.29411766,377452.2549019754,183867.77202026546,369608.6673768461,66885.35294117033,92742.70588235185
10,02/17/2022,0,16630119.05882353,34536755.52941176,257093646.0273663,127895366.28323074,139647145.5490196,377452.2549019456,183867.77202026546,369608.6673768163,66885.35294117779,92742.70588235371
11,02/18/2022,0,16722861.764705881,34603640.88235294,257463254.69474316,128079234.055251,140024597.80392158,377452.2549019754,183867.77202026546,369608.6673768461,66885.35294117779,92742.70588235185
12,02/19/2022,0,16815604.470588237,34670526.23529412,257832863.36212,128263101.82727127,140402050.05882353,377452.2549019456,183867.77202026546,369608.6673768461,66885.35294117779,92742.70588235557
13,02/20/2022,0,16908347.17647059,34737411.5882353,258202472.02949685,128446969.59929152,140779502.3137255,377452.2549019754,183867.77202025056,369608.6673768461,66885.35294117779,92742.70588235185
14,02/21/2022,0,17001089.88235294,34804296.941176474,258572080.6968737,128630837.37131178,141156954.56862745,377452.2549019456,183867.77202026546,369608.6673768461,66885.35294117779,92742.70588235185
15,02/22/2022,0,17093832.588235293,34871182.294117644,258941689.36425054,128814705.14333205,141534406.82352942,377452.2549019754,183867.77202026546,369608.6673768461,66885.35294117033,92742.70588235185
16,02/23/2022,0,17186575.29411765,34938067.64705882,259311298.03162736,128998572.91535231,141911859.07843137,377452.2549019456,183867.77202026546,369608.6673768163,66885.35294117779,92742.70588235557
17,02/24/2022,0,17279318.0,35004953.0,259680906.6990042,129182440.68737258,142289311.33333334,377452.2549019754,183867.77202026546,369608.6673768461,66885.35294117779,92742.70588235185
18,02/25/2022,0,17372060.70588235,35071838.35294118,260050515.36638105,129366308.45939283,142666763.5882353,377452.2549019456,183867.77202025056,369608.6673768461,66885.35294117779,92742.70588235185
19,02/26/2022,0,17464803.411764707,35138723.705882356,260420124.0337579,129550176.2314131,143044215.84313726,377452.2549019754,183867.77202026546,369608.6673768461,66885.35294117779,92742.70588235557
20,02/27/2022,0,17557546.11764706,35205609.058823526,260789732.70113474,129734044.00343336,143421668.0980392,377452.2549019456,183867.77202026546,369608.6673768461,66885.35294117033,92742.70588235185
21,02/28/2022,0,17650288.82352941,35272494.4117647,261159341.3685116,129917911.77545363,143799120.3529412,377452.2549019754,183867.77202026546,369608.6673768461,66885.35294117779,92742.70588235185
22,03/01/2022,0,17743031.529411763,35339379.76470588,261528950.03588843,130101779.5474739,144176572.60784313,377452.2549019456,183867.77202026546,369608.6673768461,66885.35294117779,92742.70588235185
23,03/02/2022,0,17835774.23529412,35406265.11764706,261898558.70326525,130285647.31949416,144554024.8627451,377452.2549019754,183867.77202026546,369608.6673768163,66885.35294117779,92742.70588235557
24,03/03/2022,0,17928516.94117647,35473150.47058824,262268167.3706421,130469515.09151441,144931477.11764705,377452.2549019456,183867.77202025056,369608.6673768461,66885.35294117779,92742.70588235185
25,03/04/2022,0,18021259.647058822,35540035.823529415,262637776.03801894,130653382.86353467,145308929.37254903,377452.2549019754,183867.77202026546,369608.6673768461,66885.35294117779,92742.70588235185
26,03/05/2022,0,18114002.352941178,35606921.176470585,263007384.7053958,130837250.63555494,145686381.62745097,377452.2549019456,183867.77202026546,369608.6673768461,66885.35294117033,92742.70588235557
27,03/06/2022,0,18206745.05882353,35673806.52941176,263376993.37277263,131021118.4075752,146063833.88235295,377452.2549019754,183867.77202026546,369608.6673768461,66885.35294117779,92742.70588235185
28,03/07/2022,0,18299487.76470588,35740691.88235294,263746602.04014948,131204986.17959547,146441286.1372549,377452.2549019456,183867.77202026546,369608.6673768461,66885.35294117779,92742.70588235185
29,03/08/2022,0,18392230.470588237,35807577.23529412,264116210.7075263,131388853.95161572,146818738.39215687,377452.2549019754,183867.77202025056,369608.6673768163,66885.35294117779,92742.70588235557
30,03/09/2022,0,18484973.17647059,35874462.5882353,264485819.37490314,131572721.72363599,147196190.6470588,377452.2549019456,183867.77202026546,369608.6673768461,66885.35294117779,92742.70588235185
31,03/10/2022,0,18577715.88235294,35941347.941176474,264855428.04228,131756589.49565625,147573642.9019608,377452.2549019754,183867.77202026546,369608.6673768461,66885.35294117779,92742.70588235185
32,03/11/2022,0,18670458.588235293,36008233.294117644,265225036.70965683,131940457.26767652,147951095.15686274,377452.2549019456,183867.77202026546,369608.6673768461,66885.35294117033,92742.70588235185
33,03/12/2022,0,18763201.29411765,36075118.64705882,265594645.37703368,132124325.03969678,148328547.4117647,377452.2549019754,183867.77202026546,369608.6673768461,66885.35294117779,92742.70588235557
34,03/13/2022,0,18855944.0,36142004.0,265964254.04441053,132308192.81171703,148705999.66666666,377452.2549019456,183867.77202025056,369608.6673768461,66885.35294117779,92742.70588235185
35,03/14/2022,0,18948686.70588235,36208889.35294118,266333862.71178734,132492060.5837373,149083451.92156863,377452.2549019754,183867.77202026546,369608.6673768163,66885.35294117779,92742.70588235185
36,03/15/2022,0,19041429.411764707,36275774.705882356,266703471.3791642,132675928.35575756,149460904.17647058,377452.2549019456,183867.77202026546,369608.6673768461,66885.35294117779,92742.70588235557
37,03/16/2022,0,19134172.11764706,36342660.058823526,267073080.04654104,132859796.12777783,149838356.43137255,377452.2549019754,183867.77202026546,369608.6673768461,66885.35294117033,92742.70588235185
38,03/17/2022,0,19226914.82352941,36409545.4117647,267442688.71391788,133043663.8997981,150215808.6862745,377452.2549019456,183867.77202026546,369608.6673768461,66885.35294117779,92742.70588235185
39,03/18/2022,0,19319657.529411763,36476430.76470588,267812297.38129473,133227531.67181835,150593260.94117647,377452.2549019754,183867.77202025056,369608.6673768461,66885.35294117779,92742.70588235185
40,03/19/2022,0,19412400.23529412,36543316.11764706,268181906.04867157,133411399.44383861,150970713.19607842,377452.2549019456,183867.77202026546,369608.6673768461,66885.35294117779,92742.70588235557
41,03/20/2022,0,19505142.94117647,36610201.47058824,268551514.7160484,133595267.21585888,151348165.4509804,377452.2549019754,183867.77202026546,369608.6673768461,66885.35294117779,92742.70588235185
42,03/21/2022,0,19597885.647058822,36677086.823529415,268921123.38342524,133779134.98787914,151725617.70588234,377452.2549019456,183867.77202026546,369608.6673768163,66885.35294117779,92742.70588235185
43,03/22/2022,0,19690628.352941178,36743972.176470585,269290732.0508021,133963002.75989941,152103069.96078432,377452.2549019754,183867.77202026546,369608.6673768759,66885.35294117033,92742.70588235557
44,03/23/2022,0,19783371.05882353,36810857.52941176,269660340.7181789,134146870.53191966,152480522.21568626,377452.2549019456,183867.77202025056,369608.6673768163,66885.35294117779,92742.70588235185
45,03/24/2022,0,19876113.76470588,36877742.88235294,270029949.38555574,134330738.30393994,152857974.47058824,377452.2549019754,183867.77202028036,369608.6673768163,66885.35294117779,92742.70588235185
46,03/25/2022,0,19968856.470588237,36944628.23529412,270399558.0529326,134514606.0759602,153235426.7254902,377452.2549019754,183867.77202025056,369608.6673768759,66885.35294117779,92742.70588235557
47,03/26/2022,0,20061599.17647059,37011513.5882353,270769166.72030944,134698473.84798044,153612878.98039216,377452.2549019456,183867.77202025056,369608.6673768163,66885.35294117779,92742.70588235185
48,03/27/2022,0,20154341.88235294,37078398.941176474,271138775.3876863,134882341.62000072,153990331.2352941,377452.2549019456,183867.77202028036,369608.6673768759,66885.35294117779,92742.70588235185
49,03/28/2022,0,20247084.588235296,37145284.294117644,271508384.0550631,135066209.39202097,154367783.49019608,377452.2549019754,183867.77202025056,369608.6673768163,66885.35294117033,92742.70588235557
50,03/29/2022,0,20339827.29411765,37212169.64705882,271877992.72244,135250077.16404125,154745235.74509805,377452.2549019754,183867.77202028036,369608.6673768759,66885.35294117779,92742.70588235185
51,03/30/2022,0,20388091.35534214,37212169.64705882,271877992.72244,135250077.16404125,154745235.74509805,0.0,0.0,0.0,0.0,48264.061224490404
52,03/31/2022,0,20436355.41656663,37212169.64705882,271877992.72244,135250077.16404125,154745235.74509805,0.0,0.0,0.0,0.0,48264.061224490404
53,04/01/2022,0,20484619.47779112,37212169.64705882,271877992.72244,135250077.16404125,154745235.74509805,0.0,0.0,0.0,0.0,48264.061224490404
54,04/02/2022,0,20532883.53901561,37212169.64705882,271877992.72244,135250077.16404125,154745235.74509805,0.0,0.0,0.0,0.0,48264.061224490404
55,04/03/2022,0,20581147.6002401,37212169.64705882,271877992.72244,135250077.16404125,154745235.74509805,0.0,0.0,0.0,0.0,48264.061224490404
56,04/04/2022,0,20629411.66146459,37212169.64705882,271877992.72244,135250077.16404125,154745235.74509805,0.0,0.0,0.0,0.0,48264.061224490404
57,04/05/2022,0,20677675.72268908,37212169.64705882,271877992.72244,135250077.16404125,154745235.74509805,0.0,0.0,0.0,0.0,48264.061224490404
58,04/06/2022,0,20725939.78391357,37212169.64705882,271877992.72244,135250077.16404125,154745235.74509805,0.0,0.0,0.0,0.0,48264.061224490404
59,04/07/2022,0,20774203.84513806,37212169.64705882,271877992.72244,135250077.16404125,154745235.74509805,0.0,0.0,0.0,0.0,48264.061224490404
60,04/08/2022,0,20822467.906362552,37212169.64705882,271877992.72244,135250077.16404125,154745235.74509805,0.0,0.0,0.0,0.0,48264.061224490404
61,04/09/2022,0,20870731.967587043,37212169.64705882,271877992.72244,135250077.16404125,154745235.74509805,0.0,0.0,0.0,0.0,48264.061224490404
62,04/10/2022,0,20918996.028811533,37212169.64705882,271877992.72244,135250077.16404125,154745235.74509805,0.0,0.0,0.0,0.0,48264.061224490404
63,04/11/2022,0,20967260.090036023,37212169.64705882,271877992.72244,135250077.16404125,154745235.74509805,0.0,0.0,0.0,0.0,48264.061224490404
64,04/12/2022,0,21015524.151260514,37212169.64705882,271877992.72244,135250077.16404125,154745235.74509805,0.0,0.0,0.0,0.0,48264.061224490404
65,04/13/2022,0,21063788.212485004,37212169.64705882,271877992.72244,135250077.16404125,154745235.74509805,0.0,0.0,0.0,0.0,48264.061224490404
66,04/14/2022,0,21112052.273709495,37212169.64705882,271877992.72244,135250077.16404125,154745235.74509805,0.0,0.0,0.0,0.0,48264.061224490404
67,04/15/2022,0,21160316.334933985,37212169.64705882,271877992.72244,135250077.16404125,154745235.74509805,0.0,0.0,0.0,0.0,48264.061224490404
68,04/16/2022,0,21208580.396158475,37212169.64705882,271877992.72244,135250077.16404125,154745235.74509805,0.0,0.0,0.0,0.0,48264.061224490404
69,04/17/2022,0,21256844.457382966,37212169.64705882,271877992.72244,135250077.16404125,154745235.74509805,0.0,0.0,0.0,0.0,48264.061224490404
70,04/18/2022,0,21305108.518607456,37212169.64705882,271877992.72244,135250077.16404125,154745235.74509805,0.0,0.0,0.0,0.0,48264.061224490404
71,04/19/2022,0,21353372.579831947,37212169.64705882,271877992.72244,135250077.16404125,154745235.74509805,0.0,0.0,0.0,0.0,48264.061224490404
72,04/20/2022,0,21401636.641056437,37212169.64705882,271877992.72244,135250077.16404125,154745235.74509805,0.0,0.0,0.0,0.0,48264.061224490404
73,04/21/2022,0,21449900.702280927,37212169.64705882,271877992.72244,135250077.16404125,154745235.74509805,0.0,0.0,0.0,0.0,48264.061224490404
74,04/22/2022,0,21498164.763505418,37212169.64705882,271877992.72244,135250077.16404125,154745235.74509805,0.0,0.0,0.0,0.0,48264.061224490404
75,04/23/2022,0,21546428.82472991,37212169.64705882,271877992.72244,135250077.16404125,154745235.74509805,0.0,0.0,0.0,0.0,48264.061224490404
76,04/24/2022,0,21594692.8859544,37212169.64705882,271877992.72244,135250077.16404125,154745235.74509805,0.0,0.0,0.0,0.0,48264.061224490404
77,04/25/2022,0,21642956.94717889,37212169.64705882,271877992.72244,135250077.16404125,154745235.74509805,0.0,0.0,0.0,0.0,48264.061224490404
78,04/26/2022,0,21691221.00840338,37212169.64705882,271877992.72244,135250077.16404125,154745235.74509805,0.0,0.0,0.0,0.0,48264.061224490404
79,04/27/2022,0,21739485.06962787,37212169.64705882,271877992.72244,135250077.16404125,154745235.74509805,0.0,0.0,0.0,0.0,48264.061224490404
80,04/28/2022,0,21787749.13085236,37212169.64705882,271877992.72244,135250077.16404125,154745235.74509805,0.0,0.0,0.0,0.0,48264.061224490404
81,04/29/2022,0,21836013.19207685,37212169.64705882,271877992.72244,135250077.16404125,154745235.74509805,0.0,0.0,0.0,0.0,48264.061224490404
82,04/30/2022,0,21884277.25330134,37212169.64705882,271877992.72244,135250077.16404125,154745235.74509805,0.0,0.0,0.0,0.0,48264.061224490404
83,05/01/2022,0,21932541.31452583,37212169.64705882,271877992.72244,135250077.16404125,154745235.74509805,0.0,0.0,0.0,0.0,48264.061224490404
84,05/02/2022,0,21980805.375750322,37212169.64705882,271877992.72244,135250077.16404125,154745235.74509805,0.0,0.0,0.0,0.0,48264.061224490404
85,05/03/2022,0,22029069.436974812,37212169.64705882,271877992.72244,135250077.16404125,154745235.74509805,0.0,0.0,0.0,0.0,48264.061224490404
86,05/04/2022,0,22077333.498199303,37212169.64705882,271877992.72244,135250077.16404125,154745235.74509805,0.0,0.0,0.0,0.0,48264.061224490404
87,05/05/2022,0,22125597.559423793,37212169.64705882,271877992.72244,135250077.16404125,154745235.74509805,0.0,0.0,0.0,0.0,48264.061224490404
88,05/06/2022,0,22173861.620648284,37212169.64705882,271877992.72244,135250077.16404125,154745235.74509805,0.0,0.0,0.0,0.0,48264.061224490404
89,05/07/2022,0,22222125.681872774,37212169.64705882,271877992.72244,135250077.16404125,154745235.74509805,0.0,0.0,0.0,0.0,48264.061224490404
90,05/08/2022,0,22270389.743097264,37212169.64705882,271877992.72244,135250077.16404125,154745235.74509805,0.0,0.0,0.0,0.0,48264.061224490404
91,05/09/2022,0,22318653.804321755,37212169.64705882,271877992.72244,135250077.16404125,154745235.74509805,0.0,0.0,0.0,0.0,48264.061224490404
92,05/10/2022,0,22366917.865546245,37212169.64705882,271877992.72244,135250077.16404125,154745235.74509805,0.0,0.0,0.0,0.0,48264.061224490404
93,05/11/2022,0,22415181.926770736,37212169.64705882,271877992.72244,135250077.16404125,154745235.74509805,0.0,0.0,0.0,0.0,48264.061224490404
94,05/12/2022,0,22463445.987995226,37212169.64705882,271877992.72244,135250077.16404125,154745235.74509805,0.0,0.0,0.0,0.0,48264.061224490404
95,05/13/2022,0,22511710.049219716,37212169.64705882,271877992.72244,135250077.16404125,154745235.74509805,0.0,0.0,0.0,0.0,48264.061224490404
96,05/14/2022,0,22559974.110444207,37212169.64705882,271877992.72244,135250077.16404125,154745235.74509805,0.0,0.0,0.0,0.0,48264.061224490404
97,05/15/2022,0,22608238.171668697,37212169.64705882,271877992.72244,135250077.16404125,154745235.74509805,0.0,0.0,0.0,0.0,48264.061224490404
98,05/16/2022,0,22656502.232893188,37212169.64705882,271877992.72244,135250077.16404125,154745235.74509805,0.0,0.0,0.0,0.0,48264.061224490404
99,05/17/2022,0,22704766.294117678,37212169.64705882,271877992.72244,135250077.16404125,154745235.74509805,0.0,0.0,0.0,0.0,48264.061224490404
100,05/18/2022,0,22753030.35534217,37212169.64705882,271877992.72244,135250077.16404125,154745235.74509805,0.0,0.0,0.0,0.0,48264.061224490404
101,05/19/2022,0,22801294.41656666,37212169.64705882,271877992.72244,135250077.16404125,154745235.74509805,0.0,0.0,0.0,0.0,48264.061224490404
102,05/20/2022,0,22849558.47779115,37212169.64705882,271877992.72244,135250077.16404125,154745235.74509805,0.0,0.0,0.0,0.0,48264.061224490404
103,05/21/2022,0,22897822.53901564,37212169.64705882,271877992.72244,135250077.16404125,154745235.74509805,0.0,0.0,0.0,0.0,48264.061224490404
104,05/22/2022,0,22946086.60024013,37212169.64705882,271877992.72244,135250077.16404125,154745235.74509805,0.0,0.0,0.0,0.0,48264.061224490404
105,05/23/2022,0,22994350.66146462,37212169.64705882,271877992.72244,135250077.16404125,154745235.74509805,0.0,0.0,0.0,0.0,48264.061224490404
106,05/24/2022,0,23042614.72268911,37212169.64705882,271877992.72244,135250077.16404125,154745235.74509805,0.0,0.0,0.0,0.0,48264.061224490404
107,05/25/2022,0,23090878.7839136,37212169.64705882,271877992.72244,135250077.16404125,154745235.74509805,0.0,0.0,0.0,0.0,48264.061224490404
108,05/26/2022,0,23139142.84513809,37212169.64705882,271877992.72244,135250077.16404125,154745235.74509805,0.0,0.0,0.0,0.0,48264.061224490404
109,05/27/2022,0,23187406.906362582,37212169.64705882,271877992.72244,135250077.16404125,154745235.74509805,0.0,0.0,0.0,0.0,48264.061224490404
110,05/28/2022,0,23235670.967587072,37212169.64705882,271877992.72244,135250077.16404125,154745235.74509805,0.0,0.0,0.0,0.0,48264.061224490404
111,05/29/2022,0,23283935.028811563,37212169.64705882,271877992.72244,135250077.16404125,154745235.74509805,0.0,0.0,0.0,0.0,48264.061224490404
112,05/30/2022,0,23332199.090036053,37212169.64705882,271877992.72244,135250077.16404125,154745235.74509805,0.0,0.0,0.0,0.0,48264.061224490404
113,05/31/2022,0,23380463.151260544,37212169.64705882,271877992.72244,135250077.16404125,154745235.74509805,0.0,0.0,0.0,0.0,48264.061224490404
114,06/01/2022,0,23428727.212485034,37212169.64705882,271877992.72244,135250077.16404125,154745235.74509805,0.0,0.0,0.0,0.0,48264.061224490404
115,06/02/2022,0,23476991.273709524,37212169.64705882,271877992.72244,135250077.16404125,154745235.74509805,0.0,0.0,0.0,0.0,48264.061224490404
116,06/03/2022,0,23525255.334934015,37212169.64705882,271877992.72244,135250077.16404125,154745235.74509805,0.0,0.0,0.0,0.0,48264.061224490404
117,06/04/2022,0,23573519.396158505,37212169.64705882,271877992.72244,135250077.16404125,154745235.74509805,0.0,0.0,0.0,0.0,48264.061224490404
118,06/05/2022,0,23621783.457382996,37212169.64705882,271877992.72244,135250077.16404125,154745235.74509805,0.0,0.0,0.0,0.0,48264.061224490404
119,06/06/2022,0,23670047.518607486,37212169.64705882,271877992.72244,135250077.16404125,154745235.74509805,0.0,0.0,0.0,0.0,48264.061224490404
120,06/07/2022,0,23718311.579831976,37212169.64705882,271877992.72244,135250077.16404125,154745235.74509805,0.0,0.0,0.0,0.0,48264.061224490404
121,06/08/2022,0,23766575.641056467,37212169.64705882,271877992.72244,135250077.16404125,154745235.74509805,0.0,0.0,0.0,0.0,48264.061224490404
122,06/09/2022,0,23814839.702280957,37212169.64705882,271877992.72244,135250077.16404125,154745235.74509805,0.0,0.0,0.0,0.0,48264.061224490404
123,06/10/2022,0,23863103.763505448,37212169.64705882,271877992.72244,135250077.16404125,154745235.74509805,0.0,0.0,0.0,0.0,48264.061224490404
124,06/11/2022,0,23911367.824729938,37212169.64705882,271877992.72244,135250077.16404125,154745235.74509805,0.0,0.0,0.0,0.0,48264.061224490404
125,06/12/2022,0,23959631.88595443,37212169.64705882,271877992.72244,135250077.16404125,154745235.74509805,0.0,0.0,0.0,0.0,48264.061224490404
126,06/13/2022,0,24007895.94717892,37212169.64705882,271877992.72244,135250077.16404125,154745235.74509805,0.0,0.0,0.0,0.0,48264.061224490404
127,06/14/2022,0,24056160.00840341,37212169.64705882,271877992.72244,135250077.16404125,154745235.74509805,0.0,0.0,0.0,0.0,48264.061224490404
128,06/15/2022,0,24104424.0696279,37212169.64705882,271877992.72244,135250077.16404125,154745235.74509805,0.0,0.0,0.0,0.0,48264.061224490404
129,06/16/2022,0,24152688.13085239,37212169.64705882,271877992.72244,135250077.16404125,154745235.74509805,0.0,0.0,0.0,0.0,48264.061224490404
130,06/17/2022,0,24200952.19207688,37212169.64705882,271877992.72244,135250077.16404125,154745235.74509805,0.0,0.0,0.0,0.0,48264.061224490404
131,06/18/2022,0,24249216.25330137,37212169.64705882,271877992.72244,135250077.16404125,154745235.74509805,0.0,0.0,0.0,0.0,48264.061224490404
132,06/19/2022,0,24297480.31452586,37212169.64705882,271877992.72244,135250077.16404125,154745235.74509805,0.0,0.0,0.0,0.0,48264.061224490404
133,06/20/2022,0,24345744.37575035,37212169.64705882,271877992.72244,135250077.16404125,154745235.74509805,0.0,0.0,0.0,0.0,48264.061224490404
134,06/21/2022,0,24394008.436974842,37212169.64705882,271877992.72244,135250077.16404125,154745235.74509805,0.0,0.0,0.0,0.0,48264.061224490404
135,06/22/2022,0,24442272.498199333,37212169.64705882,271877992.72244,135250077.16404125,154745235.74509805,0.0,0.0,0.0,0.0,48264.061224490404
136,06/23/2022,0,24490536.559423823,37212169.64705882,271877992.72244,135250077.16404125,154745235.74509805,0.0,0.0,0.0,0.0,48264.061224490404
137,06/24/2022,0,24538800.620648313,37212169.64705882,271877992.72244,135250077.16404125,154745235.74509805,0.0,0.0,0.0,0.0,48264.061224490404
138,06/25/2022,0,24587064.681872804,37212169.64705882,271877992.72244,135250077.16404125,154745235.74509805,0.0,0.0,0.0,0.0,48264.061224490404
139,06/26/2022,0,24635328.743097294,37212169.64705882,271877992.72244,135250077.16404125,154745235.74509805,0.0,0.0,0.0,0.0,48264.061224490404
140,06/27/2022,0,24683592.804321785,37212169.64705882,271877992.72244,135250077.16404125,154745235.74509805,0.0,0.0,0.0,0.0,48264.061224490404
141,06/28/2022,0,24731856.865546275,37212169.64705882,271877992.72244,135250077.16404125,154745235.74509805,0.0,0.0,0.0,0.0,48264.061224490404
142,06/29/2022,0,24780120.926770765,37212169.64705882,271877992.72244,135250077.16404125,154745235.74509805,0.0,0.0,0.0,0.0,48264.061224490404
143,06/30/2022,0,24828384.987995256,37212169.64705882,271877992.72244,135250077.16404125,154745235.74509805,0.0,0.0,0.0,0.0,48264.061224490404
144,07/01/2022,0,24876649.049219746,37212169.64705882,271877992.72244,135250077.16404125,154745235.74509805,0.0,0.0,0.0,0.0,48264.061224490404
145,07/02/2022,0,24924913.110444237,37212169.64705882,271877992.72244,135250077.16404125,154745235.74509805,0.0,0.0,0.0,0.0,48264.061224490404
146,07/03/2022,0,24973177.171668727,37212169.64705882,271877992.72244,135250077.16404125,154745235.74509805,0.0,0.0,0.0,0.0,48264.061224490404
147,07/04/2022,0,25021441.232893217,37212169.64705882,271877992.72244,135250077.16404125,154745235.74509805,0.0,0.0,0.0,0.0,48264.061224490404
148,07/05/2022,0,25069705.294117708,37212169.64705882,271877992.72244,135250077.16404125,154745235.74509805,0.0,0.0,0.0,0.0,48264.061224490404
149,07/06/2022,0,25117969.3553422,37212169.64705882,271877992.72244,135250077.16404125,154745235.74509805,0.0,0.0,0.0,0.0,48264.061224490404
150,07/07/2022,0,25166233.41656669,37212169.64705882,271877992.72244,135250077.16404125,154745235.74509805,0.0,0.0,0.0,0.0,48264.061224490404
151,07/08/2022,0,25214497.47779118,37212169.64705882,271877992.72244,135250077.16404125,154745235.74509805,0.0,0.0,0.0,0.0,48264.061224490404
152,07/09/2022,0,25262761.53901567,37212169.64705882,271877992.72244,135250077.16404125,154745235.74509805,0.0,0.0,0.0,0.0,48264.061224490404
153,07/10/2022,0,25311025.60024016,37212169.64705882,271877992.72244,135250077.16404125,154745235.74509805,0.0,0.0,0.0,0.0,48264.061224490404
154,07/11/2022,0,25359289.66146465,37212169.64705882,271877992.72244,135250077.16404125,154745235.74509805,0.0,0.0,0.0,0.0,48264.061224490404
155,07/12/2022,0,25407553.72268914,37212169.64705882,271877992.72244,135250077.16404125,154745235.74509805,0.0,0.0,0.0,0.0,48264.061224490404
156,07/13/2022,0,25455817.78391363,37212169.64705882,271877992.72244,135250077.16404125,154745235.74509805,0.0,0.0,0.0,0.0,48264.061224490404
157,07/14/2022,0,25504081.84513812,37212169.64705882,271877992.72244,135250077.16404125,154745235.74509805,0.0,0.0,0.0,0.0,48264.061224490404
158,07/15/2022,0,25552345.90636261,37212169.64705882,271877992.72244,135250077.16404125,154745235.74509805,0.0,0.0,0.0,0.0,48264.061224490404
159,07/16/2022,0,25600609.967587102,37212169.64705882,271877992.72244,135250077.16404125,154745235.74509805,0.0,0.0,0.0,0.0,48264.061224490404
160,07/17/2022,0,25648874.028811593,37212169.64705882,271877992.72244,135250077.16404125,154745235.74509805,0.0,0.0,0.0,0.0,48264.061224490404
161,07/18/2022,0,25697138.090036083,37212169.64705882,271877992.72244,135250077.16404125,154745235.74509805,0.0,0.0,0.0,0.0,48264.061224490404
162,07/19/2022,0,25745402.151260573,37212169.64705882,271877992.72244,135250077.16404125,154745235.74509805,0.0,0.0,0.0,0.0,48264.061224490404
163,07/20/2022,0,25793666.212485064,37212169.64705882,271877992.72244,135250077.16404125,154745235.74509805,0.0,0.0,0.0,0.0,48264.061224490404
164,07/21/2022,0,25841930.273709554,37212169.64705882,271877992.72244,135250077.16404125,154745235.74509805,0.0,0.0,0.0,0.0,48264.061224490404
165,07/22/2022,0,25890194.334934045,37212169.64705882,271877992.72244,135250077.16404125,154745235.74509805,0.0,0.0,0.0,0.0,48264.061224490404
166,07/23/2022,0,25938458.396158535,37212169.64705882,271877992.72244,135250077.16404125,154745235.74509805,0.0,0.0,0.0,0.0,48264.061224490404
167,07/24/2022,0,25986722.457383025,37212169.64705882,271877992.72244,135250077.16404125,154745235.74509805,0.0,0.0,0.0,0.0,48264.061224490404
168,07/25/2022,0,26034986.518607516,37212169.64705882,271877992.72244,135250077.16404125,154745235.74509805,0.0,0.0,0.0,0.0,48264.061224490404
169,07/26/2022,0,26083250.579832006,37212169.64705882,271877992.72244,135250077.16404125,154745235.74509805,0.0,0.0,0.0,0.0,48264.061224490404
170,07/27/2022,0,26131514.641056497,37212169.64705882,271877992.72244,135250077.16404125,154745235.74509805,0.0,0.0,0.0,0.0,48264.061224490404
171,07/28/2022,0,26179778.702280987,37212169.64705882,271877992.72244,135250077.16404125,154745235.74509805,0.0,0.0,0.0,0.0,48264.061224490404
172,07/29/2022,0,26228042.763505477,37212169.64705882,271877992.72244,135250077.16404125,154745235.74509805,0.0,0.0,0.0,0.0,48264.061224490404
173,07/30/2022,0,26276306.824729968,37212169.64705882,271877992.72244,135250077.16404125,154745235.74509805,0.0,0.0,0.0,0.0,48264.061224490404
174,07/31/2022,0,26324570.88595446,37212169.64705882,271877992.72244,135250077.16404125,154745235.74509805,0.0,0.0,0.0,0.0,48264.061224490404
175,08/01/2022,0,26372834.94717895,37212169.64705882,271877992.72244,135250077.16404125,154745235.74509805,0.0,0.0,0.0,0.0,48264.061224490404
176,08/02/2022,0,26421099.00840344,37212169.64705882,271877992.72244,135250077.16404125,154745235.74509805,0.0,0.0,0.0,0.0,48264.061224490404
177,08/03/2022,0,26469363.06962793,37212169.64705882,271877992.72244,135250077.16404125,154745235.74509805,0.0,0.0,0.0,0.0,48264.061224490404
178,08/04/2022,0,26517627.13085242,37212169.64705882,271877992.72244,135250077.16404125,154745235.74509805,0.0,0.0,0.0,0.0,48264.061224490404
179,08/05/2022,0,26565891.19207691,37212169.64705882,271877992.72244,135250077.16404125,154745235.74509805,0.0,0.0,0.0,0.0,48264.061224490404
180,08/06/2022,0,26614155.2533014,37212169.64705882,271877992.72244,135250077.16404125,154745235.74509805,0.0,0.0,0.0,0.0,48264.061224490404
181,08/07/2022,0,26662419.31452589,37212169.64705882,271877992.72244,135250077.16404125,154745235.74509805,0.0,0.0,0.0,0.0,48264.061224490404
182,08/08/2022,0,26710683.37575038,37212169.64705882,271877992.72244,135250077.16404125,154745235.74509805,0.0,0.0,0.0,0.0,48264.061224490404
183,08/09/2022,0,26758947.436974872,37212169.64705882,271877992.72244,135250077.16404125,154745235.74509805,0.0,0.0,0.0,0.0,48264.061224490404
184,08/10/2022,0,26807211.498199362,37212169.64705882,271877992.72244,135250077.16404125,154745235.74509805,0.0,0.0,0.0,0.0,48264.061224490404
185,08/11/2022,0,26855475.559423853,37212169.64705882,271877992.72244,135250077.16404125,154745235.74509805,0.0,0.0,0.0,0.0,48264.061224490404
186,08/12/2022,0,26903739.620648343,37212169.64705882,271877992.72244,135250077.16404125,154745235.74509805,0.0,0.0,0.0,0.0,48264.061224490404
187,08/13/2022,0,26952003.681872834,37212169.64705882,271877992.72244,135250077.16404125,154745235.74509805,0.0,0.0,0.0,0.0,48264.061224490404
188,08/14/2022,0,27000267.743097324,37212169.64705882,271877992.72244,135250077.16404125,154745235.74509805,0.0,0.0,0.0,0.0,48264.061224490404
189,08/15/2022,0,27048531.804321814,37212169.64705882,271877992.72244,135250077.16404125,154745235.74509805,0.0,0.0,0.0,0.0,48264.061224490404
190,08/16/2022,0,27096795.865546305,37212169.64705882,271877992.72244,135250077.16404125,154745235.74509805,0.0,0.0,0.0,0.0,48264.061224490404
191,08/17/2022,0,27145059.926770795,37212169.64705882,271877992.72244,135250077.16404125,154745235.74509805,0.0,0.0,0.0,0.0,48264.061224490404
192,08/18/2022,0,27193323.987995286,37212169.64705882,271877992.72244,135250077.16404125,154745235.74509805,0.0,0.0,0.0,0.0,48264.061224490404
193,08/19/2022,0,27241588.049219776,37212169.64705882,271877992.72244,135250077.16404125,154745235.74509805,0.0,0.0,0.0,0.0,48264.061224490404
194,08/20/2022,0,27289852.110444266,37212169.64705882,271877992.72244,135250077.16404125,154745235.74509805,0.0,0.0,0.0,0.0,48264.061224490404
195,08/21/2022,0,27338116.171668757,37212169.64705882,271877992.72244,135250077.16404125,154745235.74509805,0.0,0.0,0.0,0.0,48264.061224490404
196,08/22/2022,0,27386380.232893247,37212169.64705882,271877992.72244,135250077.16404125,154745235.74509805,0.0,0.0,0.0,0.0,48264.061224490404
197,08/23/2022,0,27434644.294117738,37212169.64705882,271877992.72244,135250077.16404125,154745235.74509805,0.0,0.0,0.0,0.0,48264.061224490404
198,08/24/2022,0,27482908.355342228,37212169.64705882,271877992.72244,135250077.16404125,154745235.74509805,0.0,0.0,0.0,0.0,48264.061224490404
199,08/25/2022,0,27531172.41656672,37212169.64705882,271877992.72244,135250077.16404125,154745235.74509805,0.0,0.0,0.0,0.0,48264.061224490404
200,08/26/2022,0,27579436.47779121,37212169.64705882,271877992.72244,135250077.16404125,154745235.74509805,0.0,0.0,0.0,0.0,48264.061224490404
201,08/27/2022,0,27627700.5390157,37212169.64705882,271877992.72244,135250077.16404125,154745235.74509805,0.0,0.0,0.0,0.0,48264.061224490404
202,08/28/2022,0,27675964.60024019,37212169.64705882,271877992.72244,135250077.16404125,154745235.74509805,0.0,0.0,0.0,0.0,48264.061224490404
203,08/29/2022,0,27724228.66146468,37212169.64705882,271877992.72244,135250077.16404125,154745235.74509805,0.0,0.0,0.0,0.0,48264.061224490404
204,08/30/2022,0,27772492.72268917,37212169.64705882,271877992.72244,135250077.16404125,154745235.74509805,0.0,0.0,0.0,0.0,48264.061224490404
205,08/31/2022,0,27820756.78391366,37212169.64705882,271877992.72244,135250077.16404125,154745235.74509805,0.0,0.0,0.0,0.0,48264.061224490404
206,09/01/2022,0,27869020.84513815,37212169.64705882,271877992.72244,135250077.16404125,154745235.74509805,0.0,0.0,0.0,0.0,48264.061224490404
207,09/02/2022,0,27917284.90636264,37212169.64705882,271877992.72244,135250077.16404125,154745235.74509805,0.0,0.0,0.0,0.0,48264.061224490404
208,09/03/2022,0,27965548.967587132,37212169.64705882,271877992.72244,135250077.16404125,154745235.74509805,0.0,0.0,0.0,0.0,48264.061224490404
209,09/04/2022,0,28013813.028811622,37212169.64705882,271877992.72244,135250077.16404125,154745235.74509805,0.0,0.0,0.0,0.0,48264.061224490404
210,09/05/2022,0,28062077.090036113,37212169.64705882,271877992.72244,135250077.16404125,154745235.74509805,0.0,0.0,0.0,0.0,48264.061224490404
211,09/06/2022,0,28110341.151260603,37212169.64705882,271877992.72244,135250077.16404125,154745235.74509805,0.0,0.0,0.0,0.0,48264.061224490404
212,09/07/2022,0,28158605.212485094,37212169.64705882,271877992.72244,135250077.16404125,154745235.74509805,0.0,0.0,0.0,0.0,48264.061224490404
213,09/08/2022,0,28206869.273709584,37212169.64705882,271877992.72244,135250077.16404125,154745235.74509805,0.0,0.0,0.0,0.0,48264.061224490404
214,09/09/2022,0,28255133.334934074,37212169.64705882,271877992.72244,135250077.16404125,154745235.74509805,0.0,0.0,0.0,0.0,48264.061224490404
215,09/10/2022,0,28255133.334934074,37212169.64705882,271877992.72244,135250077.16404125,154745235.74509805,0.0,0.0,0.0,0.0,0.0
216,09/11/2022,0,28255133.334934074,37212169.64705882,271877992.72244,135250077.16404125,154745235.74509805,0.0,0.0,0.0,0.0,0.0
217,09/12/2022,0,28255133.334934074,37212169.64705882,271877992.72244,135250077.16404125,154745235.74509805,0.0,0.0,0.0,0.0,0.0
218,09/13/2022,0,28255133.334934074,37212169.64705882,271877992.72244,135250077.16404125,154745235.74509805,0.0,0.0,0.0,0.0,0.0
219,09/14/2022,0,28255133.334934074,37212169.64705882,271877992.72244,135250077.16404125,154745235.74509805,0.0,0.0,0.0,0.0,0.0
220,09/15/2022,0,28255133.334934074,37212169.64705882,271877992.72244,135250077.16404125,154745235.74509805,0.0,0.0,0.0,0.0,0.0
221,09/16/2022,0,28255133.334934074,37212169.64705882,271877992.72244,135250077.16404125,154745235.74509805,0.0,0.0,0.0,0.0,0.0
222,09/17/2022,0,28255133.334934074,37212169.64705882,271877992.72244,135250077.16404125,154745235.74509805,0.0,0.0,0.0,0.0,0.0
223,09/18/2022,0,28255133.334934074,37212169.64705882,271877992.72244,135250077.16404125,154745235.74509805,0.0,0.0,0.0,0.0,0.0
224,09/19/2022,0,28255133.334934074,37212169.64705882,271877992.72244,135250077.16404125,154745235.74509805,0.0,0.0,0.0,0.0,0.0
225,09/20/2022,0,28255133.334934074,37212169.64705882,271877992.72244,135250077.16404125,154745235.74509805,0.0,0.0,0.0,0.0,0.0
226,09/21/2022,0,28255133.334934074,37212169.64705882,271877992.72244,135250077.16404125,154745235.74509805,0.0,0.0,0.0,0.0,0.0
227,09/22/2022,0,28255133.334934074,37212169.64705882,271877992.72244,135250077.16404125,154745235.74509805,0.0,0.0,0.0,0.0,0.0
228,09/23/2022,0,28255133.334934074,37212169.64705882,271877992.72244,135250077.16404125,154745235.74509805,0.0,0.0,0.0,0.0,0.0
229,09/24/2022,0,28255133.334934074,37212169.64705882,271877992.72244,135250077.16404125,154745235.74509805,0.0,0.0,0.0,0.0,0.0
230,09/25/2022,0,28255133.334934074,37212169.64705882,271877992.72244,135250077.16404125,154745235.74509805,0.0,0.0,0.0,0.0,0.0
231,09/26/2022,0,28255133.334934074,37212169.64705882,271877992.72244,135250077.16404125,154745235.74509805,0.0,0.0,0.0,0.0,0.0
232,09/27/2022,0,28255133.334934074,37212169.64705882,271877992.72244,135250077.16404125,154745235.74509805,0.0,0.0,0.0,0.0,0.0
233,09/28/2022,0,28255133.334934074,37212169.64705882,271877992.72244,135250077.16404125,154745235.74509805,0.0,0.0,0.0,0.0,0.0
234,09/29/2022,0,28255133.334934074,37212169.64705882,271877992.72244,135250077.16404125,154745235.74509805,0.0,0.0,0.0,0.0,0.0
235,09/30/2022,0,28255133.334934074,37212169.64705882,271877992.72244,135250077.16404125,154745235.74509805,0.0,0.0,0.0,0.0,0.0
236,10/01/2022,0,28255133.334934074,37212169.64705882,271877992.72244,135250077.16404125,154745235.74509805,0.0,0.0,0.0,0.0,0.0
237,10/02/2022,0,28255133.334934074,37212169.64705882,271877992.72244,135250077.16404125,154745235.74509805,0.0,0.0,0.0,0.0,0.0
238,10/03/2022,0,28255133.334934074,37212169.64705882,271877992.72244,135250077.16404125,154745235.74509805,0.0,0.0,0.0,0.0,0.0
239,10/04/2022,0,28255133.334934074,37212169.64705882,271877992.72244,135250077.16404125,154745235.74509805,0.0,0.0,0.0,0.0,0.0
240,10/05/2022,0,28255133.334934074,37212169.64705882,271877992.72244,135250077.16404125,154745235.74509805,0.0,0.0,0.0,0.0,0.0
241,10/06/2022,0,28255133.334934074,37212169.64705882,271877992.72244,135250077.16404125,154745235.74509805,0.0,0.0,0.0,0.0,0.0
242,10/07/2022,0,28255133.334934074,37212169.64705882,271877992.72244,135250077.16404125,154745235.74509805,0.0,0.0,0.0,0.0,0.0
243,10/08/2022,0,28255133.334934074,37212169.64705882,271877992.72244,135250077.16404125,154745235.74509805,0.0,0.0,0.0,0.0,0.0
244,10/09/2022,0,28255133.334934074,37212169.64705882,271877992.72244,135250077.16404125,154745235.74509805,0.0,0.0,0.0,0.0,0.0
245,10/10/2022,0,28255133.334934074,37212169.64705882,271877992.72244,135250077.16404125,154745235.74509805,0.0,0.0,0.0,0.0,0.0
246,10/11/2022,0,28255133.334934074,37212169.64705882,271877992.72244,135250077.16404125,154745235.74509805,0.0,0.0,0.0,0.0,0.0
247,10/12/2022,0,28255133.334934074,37212169.64705882,271877992.72244,135250077.16404125,154745235.74509805,0.0,0.0,0.0,0.0,0.0
248,10/13/2022,0,28255133.334934074,37212169.64705882,271877992.72244,135250077.16404125,154745235.74509805,0.0,0.0,0.0,0.0,0.0
249,10/14/2022,0,28255133.334934074,37212169.64705882,271877992.72244,135250077.16404125,154745235.74509805,0.0,0.0,0.0,0.0,0.0
250,10/15/2022,0,28255133.334934074,37212169.64705882,271877992.72244,135250077.16404125,154745235.74509805,0.0,0.0,0.0,0.0,0.0
251,10/16/2022,0,28255133.334934074,37212169.64705882,271877992.72244,135250077.16404125,154745235.74509805,0.0,0.0,0.0,0.0,0.0
252,10/17/2022,0,28255133.334934074,37212169.64705882,271877992.72244,135250077.16404125,154745235.74509805,0.0,0.0,0.0,0.0,0.0
253,10/18/2022,0,28255133.334934074,37212169.64705882,271877992.72244,135250077.16404125,154745235.74509805,0.0,0.0,0.0,0.0,0.0
254,10/19/2022,0,28255133.334934074,37212169.64705882,271877992.72244,135250077.16404125,154745235.74509805,0.0,0.0,0.0,0.0,0.0
255,10/20/2022,0,28255133.334934074,37212169.64705882,271877992.72244,135250077.16404125,154745235.74509805,0.0,0.0,0.0,0.0,0.0
256,10/21/2022,0,28255133.334934074,37212169.64705882,271877992.72244,135250077.16404125,154745235.74509805,0.0,0.0,0.0,0.0,0.0
257,10/22/2022,0,28255133.334934074,37212169.64705882,271877992.72244,135250077.16404125,154745235.74509805,0.0,0.0,0.0,0.0,0.0
258,10/23/2022,0,28255133.334934074,37212169.64705882,271877992.72244,135250077.16404125,154745235.74509805,0.0,0.0,0.0,0.0,0.0
259,10/24/2022,0,28255133.334934074,37212169.64705882,271877992.72244,135250077.16404125,154745235.74509805,0.0,0.0,0.0,0.0,0.0
260,10/25/2022,0,28255133.334934074,37212169.64705882,271877992.72244,135250077.16404125,154745235.74509805,0.0,0.0,0.0,0.0,0.0
261,10/26/2022,0,28255133.334934074,37212169.64705882,271877992.72244,135250077.16404125,154745235.74509805,0.0,0.0,0.0,0.0,0.0
262,10/27/2022,0,28255133.334934074,37212169.64705882,271877992.72244,135250077.16404125,154745235.74509805,0.0,0.0,0.0,0.0,0.0
263,10/28/2022,0,28255133.334934074,37212169.64705882,271877992.72244,135250077.16404125,154745235.74509805,0.0,0.0,0.0,0.0,0.0
264,10/29/2022,0,28255133.334934074,37212169.64705882,271877992.72244,135250077.16404125,154745235.74509805,0.0,0.0,0.0,0.0,0.0
265,10/30/2022,0,28255133.334934074,37212169.64705882,271877992.72244,135250077.16404125,154745235.74509805,0.0,0.0,0.0,0.0,0.0
266,10/31/2022,0,28255133.334934074,37212169.64705882,271877992.72244,135250077.16404125,154745235.74509805,0.0,0.0,0.0,0.0,0.0
267,11/01/2022,0,28255133.334934074,37212169.64705882,271877992.72244,135250077.16404125,154745235.74509805,0.0,0.0,0.0,0.0,0.0
268,11/02/2022,0,28255133.334934074,37212169.64705882,271877992.72244,135250077.16404125,154745235.74509805,0.0,0.0,0.0,0.0,0.0
269,11/03/2022,0,28255133.334934074,37212169.64705882,271877992.72244,135250077.16404125,154745235.74509805,0.0,0.0,0.0,0.0,0.0
270,11/04/2022,0,28255133.334934074,37212169.64705882,271877992.72244,135250077.16404125,154745235.74509805,0.0,0.0,0.0,0.0,0.0
271,11/05/2022,0,28255133.334934074,37212169.64705882,271877992.72244,135250077.16404125,154745235.74509805,0.0,0.0,0.0,0.0,0.0
272,11/06/2022,0,28255133.334934074,37212169.64705882,271877992.72244,135250077.16404125,154745235.74509805,0.0,0.0,0.0,0.0,0.0
273,11/07/2022,0,28255133.334934074,37212169.64705882,271877992.72244,135250077.16404125,154745235.74509805,0.0,0.0,0.0,0.0,0.0
274,11/08/2022,0,28255133.334934074,37212169.64705882,271877992.72244,135250077.16404125,154745235.74509805,0.0,0.0,0.0,0.0,0.0
275,11/09/2022,0,28255133.334934074,37212169.64705882,271877992.72244,135250077.16404125,154745235.74509805,0.0,0.0,0.0,0.0,0.0
276,11/10/2022,0,28255133.334934074,37212169.64705882,271877992.72244,135250077.16404125,154745235.74509805,0.0,0.0,0.0,0.0,0.0
277,11/11/2022,0,28255133.334934074,37212169.64705882,271877992.72244,135250077.16404125,154745235.74509805,0.0,0.0,0.0,0.0,0.0
278,11/12/2022,0,28255133.334934074,37212169.64705882,271877992.72244,135250077.16404125,154745235.74509805,0.0,0.0,0.0,0.0,0.0
279,11/13/2022,0,28255133.334934074,37212169.64705882,271877992.72244,135250077.16404125,154745235.74509805,0.0,0.0,0.0,0.0,0.0
280,11/14/2022,0,28255133.334934074,37212169.64705882,271877992.72244,135250077.16404125,154745235.74509805,0.0,0.0,0.0,0.0,0.0
281,11/15/2022,0,28255133.334934074,37212169.64705882,271877992.72244,135250077.16404125,154745235.74509805,0.0,0.0,0.0,0.0,0.0
282,11/16/2022,0,28255133.334934074,37212169.64705882,271877992.72244,135250077.16404125,154745235.74509805,0.0,0.0,0.0,0.0,0.0
283,11/17/2022,0,28255133.334934074,37212169.64705882,271877992.72244,135250077.16404125,154745235.74509805,0.0,0.0,0.0,0.0,0.0
284,11/18/2022,0,28255133.334934074,37212169.64705882,271877992.72244,135250077.16404125,154745235.74509805,0.0,0.0,0.0,0.0,0.0
285,11/19/2022,0,28255133.334934074,37212169.64705882,271877992.72244,135250077.16404125,154745235.74509805,0.0,0.0,0.0,0.0,0.0
286,11/20/2022,0,28255133.334934074,37212169.64705882,271877992.72244,135250077.16404125,154745235.74509805,0.0,0.0,0.0,0.0,0.0
287,11/21/2022,0,28255133.334934074,37212169.64705882,271877992.72244,135250077.16404125,154745235.74509805,0.0,0.0,0.0,0.0,0.0
288,11/22/2022,0,28255133.334934074,37212169.64705882,271877992.72244,135250077.16404125,154745235.74509805,0.0,0.0,0.0,0.0,0.0
289,11/23/2022,0,28255133.334934074,37212169.64705882,271877992.72244,135250077.16404125,154745235.74509805,0.0,0.0,0.0,0.0,0.0
290,11/24/2022,0,28255133.334934074,37212169.64705882,271877992.72244,135250077.16404125,154745235.74509805,0.0,0.0,0.0,0.0,0.0
291,11/25/2022,0,28255133.334934074,37212169.64705882,271877992.72244,135250077.16404125,154745235.74509805,0.0,0.0,0.0,0.0,0.0
292,11/26/2022,0,28255133.334934074,37212169.64705882,271877992.72244,135250077.16404125,154745235.74509805,0.0,0.0,0.0,0.0,0.0
293,11/27/2022,0,28255133.334934074,37212169.64705882,271877992.72244,135250077.16404125,154745235.74509805,0.0,0.0,0.0,0.0,0.0
294,11/28/2022,0,28255133.334934074,37212169.64705882,271877992.72244,135250077.16404125,154745235.74509805,0.0,0.0,0.0,0.0,0.0
295,11/29/2022,0,28255133.334934074,37212169.64705882,271877992.72244,135250077.16404125,154745235.74509805,0.0,0.0,0.0,0.0,0.0
296,11/30/2022,0,28255133.334934074,37212169.64705882,271877992.72244,135250077.16404125,154745235.74509805,0.0,0.0,0.0,0.0,0.0
297,12/01/2022,0,28255133.334934074,37212169.64705882,271877992.72244,135250077.16404125,154745235.74509805,0.0,0.0,0.0,0.0,0.0
298,12/02/2022,0,28255133.334934074,37212169.64705882,271877992.72244,135250077.16404125,154745235.74509805,0.0,0.0,0.0,0.0,0.0
299,12/03/2022,0,28255133.334934074,37212169.64705882,271877992.72244,135250077.16404125,154745235.74509805,0.0,0.0,0.0,0.0,0.0
300,12/04/2022,0,28255133.334934074,37212169.64705882,271877992.72244,135250077.16404125,154745235.74509805,0.0,0.0,0.0,0.0,0.0
301,12/05/2022,0,28255133.334934074,37212169.64705882,271877992.72244,135250077.16404125,154745235.74509805,0.0,0.0,0.0,0.0,0.0
302,12/06/2022,0,28255133.334934074,37212169.64705882,271877992.72244,135250077.16404125,154745235.74509805,0.0,0.0,0.0,0.0,0.0
303,12/07/2022,0,28255133.334934074,37212169.64705882,271877992.72244,135250077.16404125,154745235.74509805,0.0,0.0,0.0,0.0,0.0
304,12/08/2022,0,28255133.334934074,37212169.64705882,271877992.72244,135250077.16404125,154745235.74509805,0.0,0.0,0.0,0.0,0.0
305,12/09/2022,0,28255133.334934074,37212169.64705882,271877992.72244,135250077.16404125,154745235.74509805,0.0,0.0,0.0,0.0,0.0
306,12/10/2022,0,28255133.334934074,37212169.64705882,271877992.72244,135250077.16404125,154745235.74509805,0.0,0.0,0.0,0.0,0.0
307,12/11/2022,0,28255133.334934074,37212169.64705882,271877992.72244,135250077.16404125,154745235.74509805,0.0,0.0,0.0,0.0,0.0
308,12/12/2022,0,28255133.334934074,37212169.64705882,271877992.72244,135250077.16404125,154745235.74509805,0.0,0.0,0.0,0.0,0.0
309,12/13/2022,0,28255133.334934074,37212169.64705882,271877992.72244,135250077.16404125,154745235.74509805,0.0,0.0,0.0,0.0,0.0
310,12/14/2022,0,28255133.334934074,37212169.64705882,271877992.72244,135250077.16404125,154745235.74509805,0.0,0.0,0.0,0.0,0.0
311,12/15/2022,0,28255133.334934074,37212169.64705882,271877992.72244,135250077.16404125,154745235.74509805,0.0,0.0,0.0,0.0,0.0
312,12/16/2022,0,28255133.334934074,37212169.64705882,271877992.72244,135250077.16404125,154745235.74509805,0.0,0.0,0.0,0.0,0.0
313,12/17/2022,0,28255133.334934074,37212169.64705882,271877992.72244,135250077.16404125,154745235.74509805,0.0,0.0,0.0,0.0,0.0
314,12/18/2022,0,28255133.334934074,37212169.64705882,271877992.72244,135250077.16404125,154745235.74509805,0.0,0.0,0.0,0.0,0.0
315,12/19/2022,0,28255133.334934074,37212169.64705882,271877992.72244,135250077.16404125,154745235.74509805,0.0,0.0,0.0,0.0,0.0
316,12/20/2022,0,28255133.334934074,37212169.64705882,271877992.72244,135250077.16404125,154745235.74509805,0.0,0.0,0.0,0.0,0.0
317,12/21/2022,0,28255133.334934074,37212169.64705882,271877992.72244,135250077.16404125,154745235.74509805,0.0,0.0,0.0,0.0,0.0
318,12/22/2022,0,28255133.334934074,37212169.64705882,271877992.72244,135250077.16404125,154745235.74509805,0.0,0.0,0.0,0.0,0.0
319,12/23/2022,0,28255133.334934074,37212169.64705882,271877992.72244,135250077.16404125,154745235.74509805,0.0,0.0,0.0,0.0,0.0
320,12/24/2022,0,28255133.334934074,37212169.64705882,271877992.72244,135250077.16404125,154745235.74509805,0.0,0.0,0.0,0.0,0.0
321,12/25/2022,0,28255133.334934074,37212169.64705882,271877992.72244,135250077.16404125,154745235.74509805,0.0,0.0,0.0,0.0,0.0
322,12/26/2022,0,28255133.334934074,37212169.64705882,271877992.72244,135250077.16404125,154745235.74509805,0.0,0.0,0.0,0.0,0.0
323,12/27/2022,0,28255133.334934074,37212169.64705882,271877992.72244,135250077.16404125,154745235.74509805,0.0,0.0,0.0,0.0,0.0
324,12/28/2022,0,28255133.334934074,37212169.64705882,271877992.72244,135250077.16404125,154745235.74509805,0.0,0.0,0.0,0.0,0.0
325,12/29/2022,0,28255133.334934074,37212169.64705882,271877992.72244,135250077.16404125,154745235.74509805,0.0,0.0,0.0,0.0,0.0
326,12/30/2022,0,28255133.334934074,37212169.64705882,271877992.72244,135250077.16404125,154745235.74509805,0.0,0.0,0.0,0.0,0.0
327,12/31/2022,0,28255133.334934074,37212169.64705882,271877992.72244,135250077.16404125,154745235.74509805,0.0,0.0,0.0,0.0,0.0
328,01/01/2023,0,28255133.334934074,37212169.64705882,271877992.72244,135250077.16404125,154745235.74509805,0.0,0.0,0.0,0.0,0.0
329,01/02/2023,0,28255133.334934074,37212169.64705882,271877992.72244,135250077.16404125,154745235.74509805,0.0,0.0,0.0,0.0,0.0
330,01/03/2023,0,28255133.334934074,37212169.64705882,271877992.72244,135250077.16404125,154745235.74509805,0.0,0.0,0.0,0.0,0.0
331,01/04/2023,0,28255133.334934074,37212169.64705882,271877992.72244,135250077.16404125,154745235.74509805,0.0,0.0,0.0,0.0,0.0
332,01/05/2023,0,28255133.334934074,37212169.64705882,271877992.72244,135250077.16404125,154745235.74509805,0.0,0.0,0.0,0.0,0.0
333,01/06/2023,0,28255133.334934074,37212169.64705882,271877992.72244,135250077.16404125,154745235.74509805,0.0,0.0,0.0,0.0,0.0
334,01/07/2023,0,28255133.334934074,37212169.64705882,271877992.72244,135250077.16404125,154745235.74509805,0.0,0.0,0.0,0.0,0.0
335,01/08/2023,0,28255133.334934074,37212169.64705882,271877992.72244,135250077.16404125,154745235.74509805,0.0,0.0,0.0,0.0,0.0
336,01/09/2023,0,28255133.334934074,37212169.64705882,271877992.72244,135250077.16404125,154745235.74509805,0.0,0.0,0.0,0.0,0.0
337,01/10/2023,0,28255133.334934074,37212169.64705882,271877992.72244,135250077.16404125,154745235.74509805,0.0,0.0,0.0,0.0,0.0
338,01/11/2023,0,28255133.334934074,37212169.64705882,271877992.72244,135250077.16404125,154745235.74509805,0.0,0.0,0.0,0.0,0.0
339,01/12/2023,0,28255133.334934074,37212169.64705882,271877992.72244,135250077.16404125,154745235.74509805,0.0,0.0,0.0,0.0,0.0
340,01/13/2023,0,28255133.334934074,37212169.64705882,271877992.72244,135250077.16404125,154745235.74509805,0.0,0.0,0.0,0.0,0.0
341,01/14/2023,0,28255133.334934074,37212169.64705882,271877992.72244,135250077.16404125,154745235.74509805,0.0,0.0,0.0,0.0,0.0
342,01/15/2023,0,28255133.334934074,37212169.64705882,271877992.72244,135250077.16404125,154745235.74509805,0.0,0.0,0.0,0.0,0.0
343,01/16/2023,0,28255133.334934074,37212169.64705882,271877992.72244,135250077.16404125,154745235.74509805,0.0,0.0,0.0,0.0,0.0
344,01/17/2023,0,28255133.334934074,37212169.64705882,271877992.72244,135250077.16404125,154745235.74509805,0.0,0.0,0.0,0.0,0.0
345,01/18/2023,0,28255133.334934074,37212169.64705882,271877992.72244,135250077.16404125,154745235.74509805,0.0,0.0,0.0,0.0,0.0
346,01/19/2023,0,28255133.334934074,37212169.64705882,271877992.72244,135250077.16404125,154745235.74509805,0.0,0.0,0.0,0.0,0.0
347,01/20/2023,0,28255133.334934074,37212169.64705882,271877992.72244,135250077.16404125,154745235.74509805,0.0,0.0,0.0,0.0,0.0
348,01/21/2023,0,28255133.334934074,37212169.64705882,271877992.72244,135250077.16404125,154745235.74509805,0.0,0.0,0.0,0.0,0.0
349,01/22/2023,0,28255133.334934074,37212169.64705882,271877992.72244,135250077.16404125,154745235.74509805,0.0,0.0,0.0,0.0,0.0
350,01/23/2023,0,28255133.334934074,37212169.64705882,271877992.72244,135250077.16404125,154745235.74509805,0.0,0.0,0.0,0.0,0.0
351,01/24/2023,0,28255133.334934074,37212169.64705882,271877992.72244,135250077.16404125,154745235.74509805,0.0,0.0,0.0,0.0,0.0
352,01/25/2023,0,28255133.334934074,37212169.64705882,271877992.72244,135250077.16404125,154745235.74509805,0.0,0.0,0.0,0.0,0.0
353,01/26/2023,0,28255133.334934074,37212169.64705882,271877992.72244,135250077.16404125,154745235.74509805,0.0,0.0,0.0,0.0,0.0
354,01/27/2023,0,28255133.334934074,37212169.64705882,271877992.72244,135250077.16404125,154745235.74509805,0.0,0.0,0.0,0.0,0.0
355,01/28/2023,0,28255133.334934074,37212169.64705882,271877992.72244,135250077.16404125,154745235.74509805,0.0,0.0,0.0,0.0,0.0
356,01/29/2023,0,28255133.334934074,37212169.64705882,271877992.72244,135250077.16404125,154745235.74509805,0.0,0.0,0.0,0.0,0.0
357,01/30/2023,0,28255133.334934074,37212169.64705882,271877992.72244,135250077.16404125,154745235.74509805,0.0,0.0,0.0,0.0,0.0
358,01/31/2023,0,28255133.334934074,37212169.64705882,271877992.72244,135250077.16404125,154745235.74509805,0.0,0.0,0.0,0.0,0.0
359,02/01/2023,0,28255133.334934074,37212169.64705882,271877992.72244,135250077.16404125,154745235.74509805,0.0,0.0,0.0,0.0,0.0
360,02/02/2023,0,28255133.334934074,37212169.64705882,271877992.72244,135250077.16404125,154745235.74509805,0.0,0.0,0.0,0.0,0.0
361,02/03/2023,0,28255133.334934074,37212169.64705882,271877992.72244,135250077.16404125,154745235.74509805,0.0,0.0,0.0,0.0,0.0
362,02/04/2023,0,28255133.334934074,37212169.64705882,271877992.72244,135250077.16404125,154745235.74509805,0.0,0.0,0.0,0.0,0.0
363,02/05/2023,0,28255133.334934074,37212169.64705882,271877992.72244,135250077.16404125,154745235.74509805,0.0,0.0,0.0,0.0,0.0
364,02/06/2023,0,28255133.334934074,37212169.64705882,271877992.72244,135250077.16404125,154745235.74509805,0.0,0.0,0.0,0.0,0.0
365,02/07/2023,0,28255133.334934074,37212169.64705882,271877992.72244,135250077.16404125,154745235.74509805,0.0,0.0,0.0,0.0,0.0
366,02/08/2023,0,28255133.334934074,37212169.64705882,271877992.72244,135250077.16404125,154745235.74509805,0.0,0.0,0.0,0.0,0.0
367,02/09/2023,0,28255133.334934074,37212169.64705882,271877992.72244,135250077.16404125,154745235.74509805,0.0,0.0,0.0,0.0,0.0
368,02/10/2023,0,28255133.334934074,37212169.64705882,271877992.72244,135250077.16404125,154745235.74509805,0.0,0.0,0.0,0.0,0.0
369,02/11/2023,0,28255133.334934074,37212169.64705882,271877992.72244,135250077.16404125,154745235.74509805,0.0,0.0,0.0,0.0,0.0
370,02/12/2023,0,28255133.334934074,37212169.64705882,271877992.72244,135250077.16404125,154745235.74509805,0.0,0.0,0.0,0.0,0.0
371,02/13/2023,0,28255133.334934074,37212169.64705882,271877992.72244,135250077.16404125,154745235.74509805,0.0,0.0,0.0,0.0,0.0
372,02/14/2023,0,28255133.334934074,37212169.64705882,271877992.72244,135250077.16404125,154745235.74509805,0.0,0.0,0.0,0.0,0.0
373,02/15/2023,0,28255133.334934074,37212169.64705882,271877992.72244,135250077.16404125,154745235.74509805,0.0,0.0,0.0,0.0,0.0
374,02/16/2023,0,28255133.334934074,37212169.64705882,271877992.72244,135250077.16404125,154745235.74509805,0.0,0.0,0.0,0.0,0.0
375,02/17/2023,0,28255133.334934074,37212169.64705882,271877992.72244,135250077.16404125,154745235.74509805,0.0,0.0,0.0,0.0,0.0
376,02/18/2023,0,28255133.334934074,37212169.64705882,271877992.72244,135250077.16404125,154745235.74509805,0.0,0.0,0.0,0.0,0.0
377,02/19/2023,0,28255133.334934074,37212169.64705882,271877992.72244,135250077.16404125,154745235.74509805,0.0,0.0,0.0,0.0,0.0
378,02/20/2023,0,28255133.334934074,37212169.64705882,271877992.72244,135250077.16404125,154745235.74509805,0.0,0.0,0.0,0.0,0.0
379,02/21/2023,0,28255133.334934074,37212169.64705882,271877992.72244,135250077.16404125,154745235.74509805,0.0,0.0,0.0,0.0,0.0
380,02/22/2023,0,28255133.334934074,37212169.64705882,271877992.72244,135250077.16404125,154745235.74509805,0.0,0.0,0.0,0.0,0.0
381,02/23/2023,0,28255133.334934074,37212169.64705882,271877992.72244,135250077.16404125,154745235.74509805,0.0,0.0,0.0,0.0,0.0
382,02/24/2023,0,28255133.334934074,37212169.64705882,271877992.72244,135250077.16404125,154745235.74509805,0.0,0.0,0.0,0.0,0.0
383,02/25/2023,0,28255133.334934074,37212169.64705882,271877992.72244,135250077.16404125,154745235.74509805,0.0,0.0,0.0,0.0,0.0
384,02/26/2023,0,28255133.334934074,37212169.64705882,271877992.72244,135250077.16404125,154745235.74509805,0.0,0.0,0.0,0.0,0.0
385,02/27/2023,0,28255133.334934074,37212169.64705882,271877992.72244,135250077.16404125,154745235.74509805,0.0,0.0,0.0,0.0,0.0
386,02/28/2023,0,28255133.334934074,37212169.64705882,271877992.72244,135250077.16404125,154745235.74509805,0.0,0.0,0.0,0.0,0.0
387,03/01/2023,0,28255133.334934074,37212169.64705882,271877992.72244,135250077.16404125,154745235.74509805,0.0,0.0,0.0,0.0,0.0
388,03/02/2023,0,28255133.334934074,37212169.64705882,271877992.72244,135250077.16404125,154745235.74509805,0.0,0.0,0.0,0.0,0.0
389,03/03/2023,0,28255133.334934074,37212169.64705882,271877992.72244,135250077.16404125,154745235.74509805,0.0,0.0,0.0,0.0,0.0
390,03/04/2023,0,28255133.334934074,37212169.64705882,271877992.72244,135250077.16404125,154745235.74509805,0.0,0.0,0.0,0.0,0.0
391,03/05/2023,0,28255133.334934074,37212169.64705882,271877992.72244,135250077.16404125,154745235.74509805,0.0,0.0,0.0,0.0,0.0
392,03/06/2023,0,28255133.334934074,37212169.64705882,271877992.72244,135250077.16404125,154745235.74509805,0.0,0.0,0.0,0.0,0.0
393,03/07/2023,0,28255133.334934074,37212169.64705882,271877992.72244,135250077.16404125,154745235.74509805,0.0,0.0,0.0,0.0,0.0
394,03/08/2023,0,28255133.334934074,37212169.64705882,271877992.72244,135250077.16404125,154745235.74509805,0.0,0.0,0.0,0.0,0.0
395,03/09/2023,0,28255133.334934074,37212169.64705882,271877992.72244,135250077.16404125,154745235.74509805,0.0,0.0,0.0,0.0,0.0
396,03/10/2023,0,28255133.334934074,37212169.64705882,271877992.72244,135250077.16404125,154745235.74509805,0.0,0.0,0.0,0.0,0.0
397,03/11/2023,0,28255133.334934074,37212169.64705882,271877992.72244,135250077.16404125,154745235.74509805,0.0,0.0,0.0,0.0,0.0
398,03/12/2023,0,28255133.334934074,37212169.64705882,271877992.72244,135250077.16404125,154745235.74509805,0.0,0.0,0.0,0.0,0.0
399,03/13/2023,0,28255133.334934074,37212169.64705882,271877992.72244,135250077.16404125,154745235.74509805,0.0,0.0,0.0,0.0,0.0
400,03/14/2023,0,28255133.334934074,37212169.64705882,271877992.72244,135250077.16404125,154745235.74509805,0.0,0.0,0.0,0.0,0.0
401,03/15/2023,0,28255133.334934074,37212169.64705882,271877992.72244,135250077.16404125,154745235.74509805,0.0,0.0,0.0,0.0,0.0
402,03/16/2023,0,28255133.334934074,37212169.64705882,271877992.72244,135250077.16404125,154745235.74509805,0.0,0.0,0.0,0.0,0.0
403,03/17/2023,0,28255133.334934074,37212169.64705882,271877992.72244,135250077.16404125,154745235.74509805,0.0,0.0,0.0,0.0,0.0
404,03/18/2023,0,28255133.334934074,37212169.64705882,271877992.72244,135250077.16404125,154745235.74509805,0.0,0.0,0.0,0.0,0.0
405,03/19/2023,0,28255133.334934074,37212169.64705882,271877992.72244,135250077.16404125,154745235.74509805,0.0,0.0,0.0,0.0,0.0
406,03/20/2023,0,28255133.334934074,37212169.64705882,271877992.72244,135250077.16404125,154745235.74509805,0.0,0.0,0.0,0.0,0.0
407,03/21/2023,0,28255133.334934074,37212169.64705882,271877992.72244,135250077.16404125,154745235.74509805,0.0,0.0,0.0,0.0,0.0
408,03/22/2023,0,28255133.334934074,37212169.64705882,271877992.72244,135250077.16404125,154745235.74509805,0.0,0.0,0.0,0.0,0.0
409,03/23/2023,0,28255133.334934074,37212169.64705882,271877992.72244,135250077.16404125,154745235.74509805,0.0,0.0,0.0,0.0,0.0
410,03/24/2023,0,28255133.334934074,37212169.64705882,271877992.72244,135250077.16404125,154745235.74509805,0.0,0.0,0.0,0.0,0.0
411,03/25/2023,0,28255133.334934074,37212169.64705882,271877992.72244,135250077.16404125,154745235.74509805,0.0,0.0,0.0,0.0,0.0
412,03/26/2023,0,28255133.334934074,37212169.64705882,271877992.72244,135250077.16404125,154745235.74509805,0.0,0.0,0.0,0.0,0.0
413,03/27/2023,0,28255133.334934074,37212169.64705882,271877992.72244,135250077.16404125,154745235.74509805,0.0,0.0,0.0,0.0,0.0
414,03/28/2023,0,28255133.334934074,37212169.64705882,271877992.72244,135250077.16404125,154745235.74509805,0.0,0.0,0.0,0.0,0.0
415,03/29/2023,0,28255133.334934074,37212169.64705882,271877992.72244,135250077.16404125,154745235.74509805,0.0,0.0,0.0,0.0,0.0
416,03/30/2023,0,28255133.334934074,37212169.64705882,271877992.72244,135250077.16404125,154745235.74509805,0.0,0.0,0.0,0.0,0.0
417,03/31/2023,0,28255133.334934074,37212169.64705882,271877992.72244,135250077.16404125,154745235.74509805,0.0,0.0,0.0,0.0,0.0
418,04/01/2023,0,28255133.334934074,37212169.64705882,271877992.72244,135250077.16404125,154745235.74509805,0.0,0.0,0.0,0.0,0.0
419,04/02/2023,0,28255133.334934074,37212169.64705882,271877992.72244,135250077.16404125,154745235.74509805,0.0,0.0,0.0,0.0,0.0
420,04/03/2023,0,28255133.334934074,37212169.64705882,271877992.72244,135250077.16404125,154745235.74509805,0.0,0.0,0.0,0.0,0.0
421,04/04/2023,0,28255133.334934074,37212169.64705882,271877992.72244,135250077.16404125,154745235.74509805,0.0,0.0,0.0,0.0,0.0
422,04/05/2023,0,28255133.334934074,37212169.64705882,271877992.72244,135250077.16404125,154745235.74509805,0.0,0.0,0.0,0.0,0.0
423,04/06/2023,0,28255133.334934074,37212169.64705882,271877992.72244,135250077.16404125,154745235.74509805,0.0,0.0,0.0,0.0,0.0
424,04/07/2023,0,28255133.334934074,37212169.64705882,271877992.72244,135250077.16404125,154745235.74509805,0.0,0.0,0.0,0.0,0.0
425,04/08/2023,0,28255133.334934074,37212169.64705882,271877992.72244,135250077.16404125,154745235.74509805,0.0,0.0,0.0,0.0,0.0
426,04/09/2023,0,28255133.334934074,37212169.64705882,271877992.72244,135250077.16404125,154745235.74509805,0.0,0.0,0.0,0.0,0.0
427,04/10/2023,0,28255133.334934074,37212169.64705882,271877992.72244,135250077.16404125,154745235.74509805,0.0,0.0,0.0,0.0,0.0
428,04/11/2023,0,28255133.334934074,37212169.64705882,271877992.72244,135250077.16404125,154745235.74509805,0.0,0.0,0.0,0.0,0.0
429,04/12/2023,0,28255133.334934074,37212169.64705882,271877992.72244,135250077.16404125,154745235.74509805,0.0,0.0,0.0,0.0,0.0
430,04/13/2023,0,28255133.334934074,37212169.64705882,271877992.72244,135250077.16404125,154745235.74509805,0.0,0.0,0.0,0.0,0.0
431,04/14/2023,0,28255133.334934074,37212169.64705882,271877992.72244,135250077.16404125,154745235.74509805,0.0,0.0,0.0,0.0,0.0
432,04/15/2023,0,28255133.334934074,37212169.64705882,271877992.72244,135250077.16404125,154745235.74509805,0.0,0.0,0.0,0.0,0.0
433,04/16/2023,0,28255133.334934074,37212169.64705882,271877992.72244,135250077.16404125,154745235.74509805,0.0,0.0,0.0,0.0,0.0
434,04/17/2023,0,28255133.334934074,37212169.64705882,271877992.72244,135250077.16404125,154745235.74509805,0.0,0.0,0.0,0.0,0.0
435,04/18/2023,0,28255133.334934074,37212169.64705882,271877992.72244,135250077.16404125,154745235.74509805,0.0,0.0,0.0,0.0,0.0
436,04/19/2023,0,28255133.334934074,37212169.64705882,271877992.72244,135250077.16404125,154745235.74509805,0.0,0.0,0.0,0.0,0.0
437,04/20/2023,0,28255133.334934074,37212169.64705882,271877992.72244,135250077.16404125,154745235.74509805,0.0,0.0,0.0,0.0,0.0
438,04/21/2023,0,28255133.334934074,37212169.64705882,271877992.72244,135250077.16404125,154745235.74509805,0.0,0.0,0.0,0.0,0.0
439,04/22/2023,0,28255133.334934074,37212169.64705882,271877992.72244,135250077.16404125,154745235.74509805,0.0,0.0,0.0,0.0,0.0
440,04/23/2023,0,28255133.334934074,37212169.64705882,271877992.72244,135250077.16404125,154745235.74509805,0.0,0.0,0.0,0.0,0.0
441,04/24/2023,0,28255133.334934074,37212169.64705882,271877992.72244,135250077.16404125,154745235.74509805,0.0,0.0,0.0,0.0,0.0
442,04/25/2023,0,28255133.334934074,37212169.64705882,271877992.72244,135250077.16404125,154745235.74509805,0.0,0.0,0.0,0.0,0.0
443,04/26/2023,0,28255133.334934074,37212169.64705882,271877992.72244,135250077.16404125,154745235.74509805,0.0,0.0,0.0,0.0,0.0
444,04/27/2023,0,28255133.334934074,37212169.64705882,271877992.72244,135250077.16404125,154745235.74509805,0.0,0.0,0.0,0.0,0.0
445,04/28/2023,0,28255133.334934074,37212169.64705882,271877992.72244,135250077.16404125,154745235.74509805,0.0,0.0,0.0,0.0,0.0
446,04/29/2023,0,28255133.334934074,37212169.64705882,271877992.72244,135250077.16404125,154745235.74509805,0.0,0.0,0.0,0.0,0.0
447,04/30/2023,0,28255133.334934074,37212169.64705882,271877992.72244,135250077.16404125,154745235.74509805,0.0,0.0,0.0,0.0,0.0
448,05/01/2023,0,28255133.334934074,37212169.64705882,271877992.72244,135250077.16404125,154745235.74509805,0.0,0.0,0.0,0.0,0.0
449,05/02/2023,0,28255133.334934074,37212169.64705882,271877992.72244,135250077.16404125,154745235.74509805,0.0,0.0,0.0,0.0,0.0
450,05/03/2023,0,28255133.334934074,37212169.64705882,271877992.72244,135250077.16404125,154745235.74509805,0.0,0.0,0.0,0.0,0.0
451,05/04/2023,0,28255133.334934074,37212169.64705882,271877992.72244,135250077.16404125,154745235.74509805,0.0,0.0,0.0,0.0,0.0
452,05/05/2023,0,28255133.334934074,37212169.64705882,271877992.72244,135250077.16404125,154745235.74509805,0.0,0.0,0.0,0.0,0.0
453,05/06/2023,0,28255133.334934074,37212169.64705882,271877992.72244,135250077.16404125,154745235.74509805,0.0,0.0,0.0,0.0,0.0
454,05/07/2023,0,28255133.334934074,37212169.64705882,271877992.72244,135250077.16404125,154745235.74509805,0.0,0.0,0.0,0.0,0.0
455,05/08/2023,0,28255133.334934074,37212169.64705882,271877992.72244,135250077.16404125,154745235.74509805,0.0,0.0,0.0,0.0,0.0
456,05/09/2023,0,28255133.334934074,37212169.64705882,271877992.72244,135250077.16404125,154745235.74509805,0.0,0.0,0.0,0.0,0.0
457,05/10/2023,0,28255133.334934074,37212169.64705882,271877992.72244,135250077.16404125,154745235.74509805,0.0,0.0,0.0,0.0,0.0
458,05/11/2023,0,28255133.334934074,37212169.64705882,271877992.72244,135250077.16404125,154745235.74509805,0.0,0.0,0.0,0.0,0.0
459,05/12/2023,0,28255133.334934074,37212169.64705882,271877992.72244,135250077.16404125,154745235.74509805,0.0,0.0,0.0,0.0,0.0
460,05/13/2023,0,28255133.334934074,37212169.64705882,271877992.72244,135250077.16404125,154745235.74509805,0.0,0.0,0.0,0.0,0.0
461,05/14/2023,0,28255133.334934074,37212169.64705882,271877992.72244,135250077.16404125,154745235.74509805,0.0,0.0,0.0,0.0,0.0
462,05/15/2023,0,28255133.334934074,37212169.64705882,271877992.72244,135250077.16404125,154745235.74509805,0.0,0.0,0.0,0.0,0.0
463,05/16/2023,0,28255133.334934074,37212169.64705882,271877992.72244,135250077.16404125,154745235.74509805,0.0,0.0,0.0,0.0,0.0
464,05/17/2023,0,28255133.334934074,37212169.64705882,271877992.72244,135250077.16404125,154745235.74509805,0.0,0.0,0.0,0.0,0.0
465,05/18/2023,0,28255133.334934074,37212169.64705882,271877992.72244,135250077.16404125,154745235.74509805,0.0,0.0,0.0,0.0,0.0
466,05/19/2023,0,28255133.334934074,37212169.64705882,271877992.72244,135250077.16404125,154745235.74509805,0.0,0.0,0.0,0.0,0.0
467,05/20/2023,0,28255133.334934074,37212169.64705882,271877992.72244,135250077.16404125,154745235.74509805,0.0,0.0,0.0,0.0,0.0
468,05/21/2023,0,28255133.334934074,37212169.64705882,271877992.72244,135250077.16404125,154745235.74509805,0.0,0.0,0.0,0.0,0.0
469,05/22/2023,0,28255133.334934074,37212169.64705882,271877992.72244,135250077.16404125,154745235.74509805,0.0,0.0,0.0,0.0,0.0
470,05/23/2023,0,28255133.334934074,37212169.64705882,271877992.72244,135250077.16404125,154745235.74509805,0.0,0.0,0.0,0.0,0.0
471,05/24/2023,0,28255133.334934074,37212169.64705882,271877992.72244,135250077.16404125,154745235.74509805,0.0,0.0,0.0,0.0,0.0
472,05/25/2023,0,28255133.334934074,37212169.64705882,271877992.72244,135250077.16404125,154745235.74509805,0.0,0.0,0.0,0.0,0.0
473,05/26/2023,0,28255133.334934074,37212169.64705882,271877992.72244,135250077.16404125,154745235.74509805,0.0,0.0,0.0,0.0,0.0
474,05/27/2023,0,28255133.334934074,37212169.64705882,271877992.72244,135250077.16404125,154745235.74509805,0.0,0.0,0.0,0.0,0.0
475,05/28/2023,0,28255133.334934074,37212169.64705882,271877992.72244,135250077.16404125,154745235.74509805,0.0,0.0,0.0,0.0,0.0
476,05/29/2023,0,28255133.334934074,37212169.64705882,271877992.72244,135250077.16404125,154745235.74509805,0.0,0.0,0.0,0.0,0.0
477,05/30/2023,0,28255133.334934074,37212169.64705882,271877992.72244,135250077.16404125,154745235.74509805,0.0,0.0,0.0,0.0,0.0
478,05/31/2023,0,28255133.334934074,37212169.64705882,271877992.72244,135250077.16404125,154745235.74509805,0.0,0.0,0.0,0.0,0.0
479,06/01/2023,0,28255133.334934074,37212169.64705882,271877992.72244,135250077.16404125,154745235.74509805,0.0,0.0,0.0,0.0,0.0
480,06/02/2023,0,28255133.334934074,37212169.64705882,271877992.72244,135250077.16404125,154745235.74509805,0.0,0.0,0.0,0.0,0.0
481,06/03/2023,0,28255133.334934074,37212169.64705882,271877992.72244,135250077.16404125,154745235.74509805,0.0,0.0,0.0,0.0,0.0
482,06/04/2023,0,28255133.334934074,37212169.64705882,271877992.72244,135250077.16404125,154745235.74509805,0.0,0.0,0.0,0.0,0.0
483,06/05/2023,0,28255133.334934074,37212169.64705882,271877992.72244,135250077.16404125,154745235.74509805,0.0,0.0,0.0,0.0,0.0
484,06/06/2023,0,28255133.334934074,37212169.64705882,271877992.72244,135250077.16404125,154745235.74509805,0.0,0.0,0.0,0.0,0.0
485,06/07/2023,0,28255133.334934074,37212169.64705882,271877992.72244,135250077.16404125,154745235.74509805,0.0,0.0,0.0,0.0,0.0
486,06/08/2023,0,28255133.334934074,37212169.64705882,271877992.72244,135250077.16404125,154745235.74509805,0.0,0.0,0.0,0.0,0.0
487,06/09/2023,0,28255133.334934074,37212169.64705882,271877992.72244,135250077.16404125,154745235.74509805,0.0,0.0,0.0,0.0,0.0
488,06/10/2023,0,28255133.334934074,37212169.64705882,271877992.72244,135250077.16404125,154745235.74509805,0.0,0.0,0.0,0.0,0.0
489,06/11/2023,0,28255133.334934074,37212169.64705882,271877992.72244,135250077.16404125,154745235.74509805,0.0,0.0,0.0,0.0,0.0
490,06/12/2023,0,28255133.334934074,37212169.64705882,271877992.72244,135250077.16404125,154745235.74509805,0.0,0.0,0.0,0.0,0.0
491,06/13/2023,0,28255133.334934074,37212169.64705882,271877992.72244,135250077.16404125,154745235.74509805,0.0,0.0,0.0,0.0,0.0
492,06/14/2023,0,28255133.334934074,37212169.64705882,271877992.72244,135250077.16404125,154745235.74509805,0.0,0.0,0.0,0.0,0.0
493,06/15/2023,0,28255133.334934074,37212169.64705882,271877992.72244,135250077.16404125,154745235.74509805,0.0,0.0,0.0,0.0,0.0
494,06/16/2023,0,28255133.334934074,37212169.64705882,271877992.72244,135250077.16404125,154745235.74509805,0.0,0.0,0.0,0.0,0.0
495,06/17/2023,0,28255133.334934074,37212169.64705882,271877992.72244,135250077.16404125,154745235.74509805,0.0,0.0,0.0,0.0,0.0
496,06/18/2023,0,28255133.334934074,37212169.64705882,271877992.72244,135250077.16404125,154745235.74509805,0.0,0.0,0.0,0.0,0.0
497,06/19/2023,0,28255133.334934074,37212169.64705882,271877992.72244,135250077.16404125,154745235.74509805,0.0,0.0,0.0,0.0,0.0
498,06/20/2023,0,28255133.334934074,37212169.64705882,271877992.72244,135250077.16404125,154745235.74509805,0.0,0.0,0.0,0.0,0.0
499,06/21/2023,0,28255133.334934074,37212169.64705882,271877992.72244,135250077.16404125,154745235.74509805,0.0,0.0,0.0,0.0,0.0
500,06/22/2023,0,28255133.334934074,37212169.64705882,271877992.72244,135250077.16404125,154745235.74509805,0.0,0.0,0.0,0.0,0.0
501,06/23/2023,0,28255133.334934074,37212169.64705882,271877992.72244,135250077.16404125,154745235.74509805,0.0,0.0,0.0,0.0,0.0
502,06/24/2023,0,28255133.334934074,37212169.64705882,271877992.72244,135250077.16404125,154745235.74509805,0.0,0.0,0.0,0.0,0.0
503,06/25/2023,0,28255133.334934074,37212169.64705882,271877992.72244,135250077.16404125,154745235.74509805,0.0,0.0,0.0,0.0,0.0
504,06/26/2023,0,28255133.334934074,37212169.64705882,271877992.72244,135250077.16404125,154745235.74509805,0.0,0.0,0.0,0.0,0.0
505,06/27/2023,0,28255133.334934074,37212169.64705882,271877992.72244,135250077.16404125,154745235.74509805,0.0,0.0,0.0,0.0,0.0
506,06/28/2023,0,28255133.334934074,37212169.64705882,271877992.72244,135250077.16404125,154745235.74509805,0.0,0.0,0.0,0.0,0.0
507,06/29/2023,0,28255133.334934074,37212169.64705882,271877992.72244,135250077.16404125,154745235.74509805,0.0,0.0,0.0,0.0,0.0
508,06/30/2023,0,28255133.334934074,37212169.64705882,271877992.72244,135250077.16404125,154745235.74509805,0.0,0.0,0.0,0.0,0.0
509,07/01/2023,0,28255133.334934074,37212169.64705882,271877992.72244,135250077.16404125,154745235.74509805,0.0,0.0,0.0,0.0,0.0
510,07/02/2023,0,28255133.334934074,37212169.64705882,271877992.72244,135250077.16404125,154745235.74509805,0.0,0.0,0.0,0.0,0.0
511,07/03/2023,0,28255133.334934074,37212169.64705882,271877992.72244,135250077.16404125,154745235.74509805,0.0,0.0,0.0,0.0,0.0
512,07/04/2023,0,28255133.334934074,37212169.64705882,271877992.72244,135250077.16404125,154745235.74509805,0.0,0.0,0.0,0.0,0.0
513,07/05/2023,0,28255133.334934074,37212169.64705882,271877992.72244,135250077.16404125,154745235.74509805,0.0,0.0,0.0,0.0,0.0
514,07/06/2023,0,28255133.334934074,37212169.64705882,271877992.72244,135250077.16404125,154745235.74509805,0.0,0.0,0.0,0.0,0.0
515,07/07/2023,0,28255133.334934074,37212169.64705882,271877992.72244,135250077.16404125,154745235.74509805,0.0,0.0,0.0,0.0,0.0
516,07/08/2023,0,28255133.334934074,37212169.64705882,271877992.72244,135250077.16404125,154745235.74509805,0.0,0.0,0.0,0.0,0.0
517,07/09/2023,0,28255133.334934074,37212169.64705882,271877992.72244,135250077.16404125,154745235.74509805,0.0,0.0,0.0,0.0,0.0
518,07/10/2023,0,28255133.334934074,37212169.64705882,271877992.72244,135250077.16404125,154745235.74509805,0.0,0.0,0.0,0.0,0.0
519,07/11/2023,0,28255133.334934074,37212169.64705882,271877992.72244,135250077.16404125,154745235.74509805,0.0,0.0,0.0,0.0,0.0
520,07/12/2023,0,28255133.334934074,37212169.64705882,271877992.72244,135250077.16404125,154745235.74509805,0.0,0.0,0.0,0.0,0.0
521,07/13/2023,0,28255133.334934074,37212169.64705882,271877992.72244,135250077.16404125,154745235.74509805,0.0,0.0,0.0,0.0,0.0
522,07/14/2023,0,28255133.334934074,37212169.64705882,271877992.72244,135250077.16404125,154745235.74509805,0.0,0.0,0.0,0.0,0.0
523,07/15/2023,0,28255133.334934074,37212169.64705882,271877992.72244,135250077.16404125,154745235.74509805,0.0,0.0,0.0,0.0,0.0
524,07/16/2023,0,28255133.334934074,37212169.64705882,271877992.72244,135250077.16404125,154745235.74509805,0.0,0.0,0.0,0.0,0.0
525,07/17/2023,0,28255133.334934074,37212169.64705882,271877992.72244,135250077.16404125,154745235.74509805,0.0,0.0,0.0,0.0,0.0
526,07/18/2023,0,28255133.334934074,37212169.64705882,271877992.72244,135250077.16404125,154745235.74509805,0.0,0.0,0.0,0.0,0.0
527,07/19/2023,0,28255133.334934074,37212169.64705882,271877992.72244,135250077.16404125,154745235.74509805,0.0,0.0,0.0,0.0,0.0
528,07/20/2023,0,28255133.334934074,37212169.64705882,271877992.72244,135250077.16404125,154745235.74509805,0.0,0.0,0.0,0.0,0.0
529,07/21/2023,0,28255133.334934074,37212169.64705882,271877992.72244,135250077.16404125,154745235.74509805,0.0,0.0,0.0,0.0,0.0
530,07/22/2023,0,28255133.334934074,37212169.64705882,271877992.72244,135250077.16404125,154745235.74509805,0.0,0.0,0.0,0.0,0.0
531,07/23/2023,0,28255133.334934074,37212169.64705882,271877992.72244,135250077.16404125,154745235.74509805,0.0,0.0,0.0,0.0,0.0
532,07/24/2023,0,28255133.334934074,37212169.64705882,271877992.72244,135250077.16404125,154745235.74509805,0.0,0.0,0.0,0.0,0.0
533,07/25/2023,0,28255133.334934074,37212169.64705882,271877992.72244,135250077.16404125,154745235.74509805,0.0,0.0,0.0,0.0,0.0
534,07/26/2023,0,28255133.334934074,37212169.64705882,271877992.72244,135250077.16404125,154745235.74509805,0.0,0.0,0.0,0.0,0.0
535,07/27/2023,0,28255133.334934074,37212169.64705882,271877992.72244,135250077.16404125,154745235.74509805,0.0,0.0,0.0,0.0,0.0
536,07/28/2023,0,28255133.334934074,37212169.64705882,271877992.72244,135250077.16404125,154745235.74509805,0.0,0.0,0.0,0.0,0.0
537,07/29/2023,0,28255133.334934074,37212169.64705882,271877992.72244,135250077.16404125,154745235.74509805,0.0,0.0,0.0,0.0,0.0
538,07/30/2023,0,28255133.334934074,37212169.64705882,271877992.72244,135250077.16404125,154745235.74509805,0.0,0.0,0.0,0.0,0.0
539,07/31/2023,0,28255133.334934074,37212169.64705882,271877992.72244,135250077.16404125,154745235.74509805,0.0,0.0,0.0,0.0,0.0
540,08/01/2023,0,28255133.334934074,37212169.64705882,271877992.72244,135250077.16404125,154745235.74509805,0.0,0.0,0.0,0.0,0.0
541,08/02/2023,0,28255133.334934074,37212169.64705882,271877992.72244,135250077.16404125,154745235.74509805,0.0,0.0,0.0,0.0,0.0
542,08/03/2023,0,28255133.334934074,37212169.64705882,271877992.72244,135250077.16404125,154745235.74509805,0.0,0.0,0.0,0.0,0.0
543,08/04/2023,0,28255133.334934074,37212169.64705882,271877992.72244,135250077.16404125,154745235.74509805,0.0,0.0,0.0,0.0,0.0
544,08/05/2023,0,28255133.334934074,37212169.64705882,271877992.72244,135250077.16404125,154745235.74509805,0.0,0.0,0.0,0.0,0.0
545,08/06/2023,0,28255133.334934074,37212169.64705882,271877992.72244,135250077.16404125,154745235.74509805,0.0,0.0,0.0,0.0,0.0
546,08/07/2023,0,28255133.334934074,37212169.64705882,271877992.72244,135250077.16404125,154745235.74509805,0.0,0.0,0.0,0.0,0.0
547,08/08/2023,0,28255133.334934074,37212169.64705882,271877992.72244,135250077.16404125,154745235.74509805,0.0,0.0,0.0,0.0,0.0
548,08/09/2023,0,28255133.334934074,37212169.64705882,271877992.72244,135250077.16404125,154745235.74509805,0.0,0.0,0.0,0.0,0.0
549,08/10/2023,0,28255133.334934074,37212169.64705882,271877992.72244,135250077.16404125,154745235.74509805,0.0,0.0,0.0,0.0,0.0
550,08/11/2023,0,28255133.334934074,37212169.64705882,271877992.72244,135250077.16404125,154745235.74509805,0.0,0.0,0.0,0.0,0.0
551,08/12/2023,0,28255133.334934074,37212169.64705882,271877992.72244,135250077.16404125,154745235.74509805,0.0,0.0,0.0,0.0,0.0
552,08/13/2023,0,28255133.334934074,37212169.64705882,271877992.72244,135250077.16404125,154745235.74509805,0.0,0.0,0.0,0.0,0.0
553,08/14/2023,0,28255133.334934074,37212169.64705882,271877992.72244,135250077.16404125,154745235.74509805,0.0,0.0,0.0,0.0,0.0
554,08/15/2023,0,28255133.334934074,37212169.64705882,271877992.72244,135250077.16404125,154745235.74509805,0.0,0.0,0.0,0.0,0.0
555,08/16/2023,0,28255133.334934074,37212169.64705882,271877992.72244,135250077.16404125,154745235.74509805,0.0,0.0,0.0,0.0,0.0
556,08/17/2023,0,28255133.334934074,37212169.64705882,271877992.72244,135250077.16404125,154745235.74509805,0.0,0.0,0.0,0.0,0.0
557,08/18/2023,0,28255133.334934074,37212169.64705882,271877992.72244,135250077.16404125,154745235.74509805,0.0,0.0,0.0,0.0,0.0
558,08/19/2023,0,28255133.334934074,37212169.64705882,271877992.72244,135250077.16404125,154745235.74509805,0.0,0.0,0.0,0.0,0.0
559,08/20/2023,0,28255133.334934074,37212169.64705882,271877992.72244,135250077.16404125,154745235.74509805,0.0,0.0,0.0,0.0,0.0
560,08/21/2023,0,28255133.334934074,37212169.64705882,271877992.72244,135250077.16404125,154745235.74509805,0.0,0.0,0.0,0.0,0.0
561,08/22/2023,0,28255133.334934074,37212169.64705882,271877992.72244,135250077.16404125,154745235.74509805,0.0,0.0,0.0,0.0,0.0
562,08/23/2023,0,28255133.334934074,37212169.64705882,271877992.72244,135250077.16404125,154745235.74509805,0.0,0.0,0.0,0.0,0.0
563,08/24/2023,0,28255133.334934074,37212169.64705882,271877992.72244,135250077.16404125,154745235.74509805,0.0,0.0,0.0,0.0,0.0
564,08/25/2023,0,28255133.334934074,37212169.64705882,271877992.72244,135250077.16404125,154745235.74509805,0.0,0.0,0.0,0.0,0.0
565,08/26/2023,0,28255133.334934074,37212169.64705882,271877992.72244,135250077.16404125,154745235.74509805,0.0,0.0,0.0,0.0,0.0
566,08/27/2023,0,28255133.334934074,37212169.64705882,271877992.72244,135250077.16404125,154745235.74509805,0.0,0.0,0.0,0.0,0.0
567,08/28/2023,0,28255133.334934074,37212169.64705882,271877992.72244,135250077.16404125,154745235.74509805,0.0,0.0,0.0,0.0,0.0
568,08/29/2023,0,28255133.334934074,37212169.64705882,271877992.72244,135250077.16404125,154745235.74509805,0.0,0.0,0.0,0.0,0.0
569,08/30/2023,0,28255133.334934074,37212169.64705882,271877992.72244,135250077.16404125,154745235.74509805,0.0,0.0,0.0,0.0,0.0
570,08/31/2023,0,28255133.334934074,37212169.64705882,271877992.72244,135250077.16404125,154745235.74509805,0.0,0.0,0.0,0.0,0.0
571,09/01/2023,0,28255133.334934074,37212169.64705882,271877992.72244,135250077.16404125,154745235.74509805,0.0,0.0,0.0,0.0,0.0
572,09/02/2023,0,28255133.334934074,37212169.64705882,271877992.72244,135250077.16404125,154745235.74509805,0.0,0.0,0.0,0.0,0.0
573,09/03/2023,0,28255133.334934074,37212169.64705882,271877992.72244,135250077.16404125,154745235.74509805,0.0,0.0,0.0,0.0,0.0
574,09/04/2023,0,28255133.334934074,37212169.64705882,271877992.72244,135250077.16404125,154745235.74509805,0.0,0.0,0.0,0.0,0.0
575,09/05/2023,0,28255133.334934074,37212169.64705882,271877992.72244,135250077.16404125,154745235.74509805,0.0,0.0,0.0,0.0,0.0
576,09/06/2023,0,28255133.334934074,37212169.64705882,271877992.72244,135250077.16404125,154745235.74509805,0.0,0.0,0.0,0.0,0.0
577,09/07/2023,0,28255133.334934074,37212169.64705882,271877992.72244,135250077.16404125,154745235.74509805,0.0,0.0,0.0,0.0,0.0
578,09/08/2023,0,28255133.334934074,37212169.64705882,271877992.72244,135250077.16404125,154745235.74509805,0.0,0.0,0.0,0.0,0.0
579,09/09/2023,0,28255133.334934074,37212169.64705882,271877992.72244,135250077.16404125,154745235.74509805,0.0,0.0,0.0,0.0,0.0
580,09/10/2023,0,28255133.334934074,37212169.64705882,271877992.72244,135250077.16404125,154745235.74509805,0.0,0.0,0.0,0.0,0.0
581,09/11/2023,0,28255133.334934074,37212169.64705882,271877992.72244,135250077.16404125,154745235.74509805,0.0,0.0,0.0,0.0,0.0
582,09/12/2023,0,28255133.334934074,37212169.64705882,271877992.72244,135250077.16404125,154745235.74509805,0.0,0.0,0.0,0.0,0.0
583,09/13/2023,0,28255133.334934074,37212169.64705882,271877992.72244,135250077.16404125,154745235.74509805,0.0,0.0,0.0,0.0,0.0
584,09/14/2023,0,28255133.334934074,37212169.64705882,271877992.72244,135250077.16404125,154745235.74509805,0.0,0.0,0.0,0.0,0.0
585,09/15/2023,0,28255133.334934074,37212169.64705882,271877992.72244,135250077.16404125,154745235.74509805,0.0,0.0,0.0,0.0,0.0
586,09/16/2023,0,28255133.334934074,37212169.64705882,271877992.72244,135250077.16404125,154745235.74509805,0.0,0.0,0.0,0.0,0.0
587,09/17/2023,0,28255133.334934074,37212169.64705882,271877992.72244,135250077.16404125,154745235.74509805,0.0,0.0,0.0,0.0,0.0
588,09/18/2023,0,28255133.334934074,37212169.64705882,271877992.72244,135250077.16404125,154745235.74509805,0.0,0.0,0.0,0.0,0.0
589,09/19/2023,0,28255133.334934074,37212169.64705882,271877992.72244,135250077.16404125,154745235.74509805,0.0,0.0,0.0,0.0,0.0
590,09/20/2023,0,28255133.334934074,37212169.64705882,271877992.72244,135250077.16404125,154745235.74509805,0.0,0.0,0.0,0.0,0.0
591,09/21/2023,0,28255133.334934074,37212169.64705882,271877992.72244,135250077.16404125,154745235.74509805,0.0,0.0,0.0,0.0,0.0
592,09/22/2023,0,28255133.334934074,37212169.64705882,271877992.72244,135250077.16404125,154745235.74509805,0.0,0.0,0.0,0.0,0.0
593,09/23/2023,0,28255133.334934074,37212169.64705882,271877992.72244,135250077.16404125,154745235.74509805,0.0,0.0,0.0,0.0,0.0
594,09/24/2023,0,28255133.334934074,37212169.64705882,271877992.72244,135250077.16404125,154745235.74509805,0.0,0.0,0.0,0.0,0.0
595,09/25/2023,0,28255133.334934074,37212169.64705882,271877992.72244,135250077.16404125,154745235.74509805,0.0,0.0,0.0,0.0,0.0
596,09/26/2023,0,28255133.334934074,37212169.64705882,271877992.72244,135250077.16404125,154745235.74509805,0.0,0.0,0.0,0.0,0.0
597,09/27/2023,0,28255133.334934074,37212169.64705882,271877992.72244,135250077.16404125,154745235.74509805,0.0,0.0,0.0,0.0,0.0
598,09/28/2023,0,28255133.334934074,37212169.64705882,271877992.72244,135250077.16404125,154745235.74509805,0.0,0.0,0.0,0.0,0.0
599,09/29/2023,0,28255133.334934074,37212169.64705882,271877992.72244,135250077.16404125,154745235.74509805,0.0,0.0,0.0,0.0,0.0
